source_log,source_line,timestamp,elapsed_seconds,prompt_throughput_tokens_s,generation_throughput_tokens_s,running_requests,waiting_requests,gpu_kv_cache_usage_percent,prefix_cache_hit_rate_percent
dataset-math500.model-qwen.alpha4.0.steps100.blocks-8.prefetch-budget-8.rank-longest_path_first.samples10.maxnew3072.seed10086.subtreePrefetch.vllm.log,111,2026-08-09 05:47:59,0.0,0.0,314.9,5,0,0.1,95.0
dataset-math500.model-qwen.alpha4.0.steps100.blocks-8.prefetch-budget-8.rank-longest_path_first.samples10.maxnew3072.seed10086.subtreePrefetch.vllm.log,148,2026-08-09 05:48:09,10.0,0.0,381.0,6,0,0.1,95.9
dataset-math500.model-qwen.alpha4.0.steps100.blocks-8.prefetch-budget-8.rank-longest_path_first.samples10.maxnew3072.seed10086.subtreePrefetch.vllm.log,183,2026-08-09 05:48:19,20.0,0.0,360.8,5,0,0.1,96.1
dataset-math500.model-qwen.alpha4.0.steps100.blocks-8.prefetch-budget-8.rank-longest_path_first.samples10.maxnew3072.seed10086.subtreePrefetch.vllm.log,220,2026-08-09 05:48:29,30.0,0.0,415.3,7,0,0.1,96.1
dataset-math500.model-qwen.alpha4.0.steps100.blocks-8.prefetch-budget-8.rank-longest_path_first.samples10.maxnew3072.seed10086.subtreePrefetch.vllm.log,259,2026-08-09 05:48:39,40.0,0.0,366.0,1,0,0.0,96.2
dataset-math500.model-qwen.alpha4.0.steps100.blocks-8.prefetch-budget-8.rank-longest_path_first.samples10.maxnew3072.seed10086.subtreePrefetch.vllm.log,298,2026-08-09 05:48:49,50.0,0.0,387.1,2,0,0.1,96.3
dataset-math500.model-qwen.alpha4.0.steps100.blocks-8.prefetch-budget-8.rank-longest_path_first.samples10.maxnew3072.seed10086.subtreePrefetch.vllm.log,349,2026-08-09 05:48:59,60.0,0.0,427.8,8,0,0.1,96.2
dataset-math500.model-qwen.alpha4.0.steps100.blocks-8.prefetch-budget-8.rank-longest_path_first.samples10.maxnew3072.seed10086.subtreePrefetch.vllm.log,384,2026-08-09 05:49:09,70.0,0.0,397.3,8,0,0.1,96.2
dataset-math500.model-qwen.alpha4.0.steps100.blocks-8.prefetch-budget-8.rank-longest_path_first.samples10.maxnew3072.seed10086.subtreePrefetch.vllm.log,401,2026-08-09 05:49:19,80.0,0.0,398.3,1,0,0.0,96.2
dataset-math500.model-qwen.alpha4.0.steps100.blocks-8.prefetch-budget-8.rank-longest_path_first.samples10.maxnew3072.seed10086.subtreePrefetch.vllm.log,460,2026-08-09 05:49:29,90.0,0.0,578.1,3,0,0.1,96.2
dataset-math500.model-qwen.alpha4.0.steps100.blocks-8.prefetch-budget-8.rank-longest_path_first.samples10.maxnew3072.seed10086.subtreePrefetch.vllm.log,511,2026-08-09 05:49:39,100.0,0.0,418.5,6,0,0.1,96.3
dataset-math500.model-qwen.alpha4.0.steps100.blocks-8.prefetch-budget-8.rank-longest_path_first.samples10.maxnew3072.seed10086.subtreePrefetch.vllm.log,548,2026-08-09 05:49:49,110.0,0.0,401.5,4,0,0.1,96.3
dataset-math500.model-qwen.alpha4.0.steps100.blocks-8.prefetch-budget-8.rank-longest_path_first.samples10.maxnew3072.seed10086.subtreePrefetch.vllm.log,585,2026-08-09 05:49:59,120.0,0.0,409.2,6,0,0.2,96.3
dataset-math500.model-qwen.alpha4.0.steps100.blocks-8.prefetch-budget-8.rank-longest_path_first.samples10.maxnew3072.seed10086.subtreePrefetch.vllm.log,626,2026-08-09 05:50:09,130.0,0.0,372.2,2,0,0.1,96.4
dataset-math500.model-qwen.alpha4.0.steps100.blocks-8.prefetch-budget-8.rank-longest_path_first.samples10.maxnew3072.seed10086.subtreePrefetch.vllm.log,661,2026-08-09 05:50:19,140.0,0.0,440.9,5,0,0.1,96.3
dataset-math500.model-qwen.alpha4.0.steps100.blocks-8.prefetch-budget-8.rank-longest_path_first.samples10.maxnew3072.seed10086.subtreePrefetch.vllm.log,719,2026-08-09 05:50:29,150.0,0.0,242.5,6,0,0.1,96.1
dataset-math500.model-qwen.alpha4.0.steps100.blocks-8.prefetch-budget-8.rank-longest_path_first.samples10.maxnew3072.seed10086.subtreePrefetch.vllm.log,760,2026-08-09 05:50:39,160.0,0.0,400.4,4,0,0.1,96.2
dataset-math500.model-qwen.alpha4.0.steps100.blocks-8.prefetch-budget-8.rank-longest_path_first.samples10.maxnew3072.seed10086.subtreePrefetch.vllm.log,797,2026-08-09 05:50:49,170.0,0.0,310.7,2,0,0.1,96.2
dataset-math500.model-qwen.alpha4.0.steps100.blocks-8.prefetch-budget-8.rank-longest_path_first.samples10.maxnew3072.seed10086.subtreePrefetch.vllm.log,858,2026-08-09 05:50:59,180.0,0.0,516.4,3,0,0.1,96.3
dataset-math500.model-qwen.alpha4.0.steps100.blocks-8.prefetch-budget-8.rank-longest_path_first.samples10.maxnew3072.seed10086.subtreePrefetch.vllm.log,917,2026-08-09 05:51:09,190.0,0.0,444.6,7,0,0.1,96.4
dataset-math500.model-qwen.alpha4.0.steps100.blocks-8.prefetch-budget-8.rank-longest_path_first.samples10.maxnew3072.seed10086.subtreePrefetch.vllm.log,954,2026-08-09 05:51:19,200.0,0.0,396.2,8,0,0.1,96.5
dataset-math500.model-qwen.alpha4.0.steps100.blocks-8.prefetch-budget-8.rank-longest_path_first.samples10.maxnew3072.seed10086.subtreePrefetch.vllm.log,991,2026-08-09 05:51:29,210.0,0.0,486.5,5,0,0.1,96.6
dataset-math500.model-qwen.alpha4.0.steps100.blocks-8.prefetch-budget-8.rank-longest_path_first.samples10.maxnew3072.seed10086.subtreePrefetch.vllm.log,1040,2026-08-09 05:51:39,220.0,0.0,426.6,7,0,0.1,96.6
dataset-math500.model-qwen.alpha4.0.steps100.blocks-8.prefetch-budget-8.rank-longest_path_first.samples10.maxnew3072.seed10086.subtreePrefetch.vllm.log,1061,2026-08-09 05:51:49,230.0,0.0,414.0,1,0,0.1,96.6
dataset-math500.model-qwen.alpha4.0.steps100.blocks-8.prefetch-budget-8.rank-longest_path_first.samples10.maxnew3072.seed10086.subtreePrefetch.vllm.log,1096,2026-08-09 05:51:59,240.0,0.0,420.3,2,0,0.1,96.7
dataset-math500.model-qwen.alpha4.0.steps100.blocks-8.prefetch-budget-8.rank-longest_path_first.samples10.maxnew3072.seed10086.subtreePrefetch.vllm.log,1155,2026-08-09 05:52:09,250.0,0.0,491.0,8,0,0.1,96.7
dataset-math500.model-qwen.alpha4.0.steps100.blocks-8.prefetch-budget-8.rank-longest_path_first.samples10.maxnew3072.seed10086.subtreePrefetch.vllm.log,1192,2026-08-09 05:52:19,260.0,0.0,428.6,7,0,0.1,96.7
dataset-math500.model-qwen.alpha4.0.steps100.blocks-8.prefetch-budget-8.rank-longest_path_first.samples10.maxnew3072.seed10086.subtreePrefetch.vllm.log,1233,2026-08-09 05:52:29,270.0,0.0,381.5,7,0,0.2,96.7
dataset-math500.model-qwen.alpha4.0.steps100.blocks-8.prefetch-budget-8.rank-longest_path_first.samples10.maxnew3072.seed10086.subtreePrefetch.vllm.log,1260,2026-08-09 05:52:39,280.0,0.0,320.8,2,0,0.1,96.7
dataset-math500.model-qwen.alpha4.0.steps100.blocks-8.prefetch-budget-8.rank-longest_path_first.samples10.maxnew3072.seed10086.subtreePrefetch.vllm.log,1294,2026-08-09 05:52:49,290.0,0.0,363.7,8,0,0.2,96.8
dataset-math500.model-qwen.alpha4.0.steps100.blocks-8.prefetch-budget-8.rank-longest_path_first.samples10.maxnew3072.seed10086.subtreePrefetch.vllm.log,1313,2026-08-09 05:52:59,300.0,0.0,357.1,7,0,0.1,96.8
dataset-math500.model-qwen.alpha4.0.steps100.blocks-8.prefetch-budget-8.rank-longest_path_first.samples10.maxnew3072.seed10086.subtreePrefetch.vllm.log,1330,2026-08-09 05:53:09,310.0,0.0,607.2,4,0,0.2,96.9
dataset-math500.model-qwen.alpha4.0.steps100.blocks-8.prefetch-budget-8.rank-longest_path_first.samples10.maxnew3072.seed10086.subtreePrefetch.vllm.log,1349,2026-08-09 05:53:19,320.0,0.0,433.5,6,0,0.3,96.9
dataset-math500.model-qwen.alpha4.0.steps100.blocks-8.prefetch-budget-8.rank-longest_path_first.samples10.maxnew3072.seed10086.subtreePrefetch.vllm.log,1370,2026-08-09 05:53:29,330.0,0.0,361.5,4,0,0.2,96.9
dataset-math500.model-qwen.alpha4.0.steps100.blocks-8.prefetch-budget-8.rank-longest_path_first.samples10.maxnew3072.seed10086.subtreePrefetch.vllm.log,1387,2026-08-09 05:53:39,340.0,0.0,347.7,3,0,0.2,97.0
dataset-math500.model-qwen.alpha4.0.steps100.blocks-8.prefetch-budget-8.rank-longest_path_first.samples10.maxnew3072.seed10086.subtreePrefetch.vllm.log,1406,2026-08-09 05:53:49,350.0,0.0,431.2,6,0,0.4,97.0
dataset-math500.model-qwen.alpha4.0.steps100.blocks-8.prefetch-budget-8.rank-longest_path_first.samples10.maxnew3072.seed10086.subtreePrefetch.vllm.log,1439,2026-08-09 05:53:59,360.0,0.0,464.2,8,0,0.1,97.0
dataset-math500.model-qwen.alpha4.0.steps100.blocks-8.prefetch-budget-8.rank-longest_path_first.samples10.maxnew3072.seed10086.subtreePrefetch.vllm.log,1460,2026-08-09 05:54:09,370.0,0.0,631.9,4,0,0.2,97.0
dataset-math500.model-qwen.alpha4.0.steps100.blocks-8.prefetch-budget-8.rank-longest_path_first.samples10.maxnew3072.seed10086.subtreePrefetch.vllm.log,1479,2026-08-09 05:54:19,380.0,0.0,429.2,6,0,0.4,97.0
dataset-math500.model-qwen.alpha4.0.steps100.blocks-8.prefetch-budget-8.rank-longest_path_first.samples10.maxnew3072.seed10086.subtreePrefetch.vllm.log,1496,2026-08-09 05:54:29,390.0,0.0,395.0,3,0,0.2,97.1
dataset-math500.model-qwen.alpha4.0.steps100.blocks-8.prefetch-budget-8.rank-longest_path_first.samples10.maxnew3072.seed10086.subtreePrefetch.vllm.log,1515,2026-08-09 05:54:39,400.0,0.0,446.3,1,0,0.1,97.1
dataset-math500.model-qwen.alpha4.0.steps100.blocks-8.prefetch-budget-8.rank-longest_path_first.samples10.maxnew3072.seed10086.subtreePrefetch.vllm.log,1556,2026-08-09 05:54:49,410.0,0.0,421.3,8,0,0.1,97.1
dataset-math500.model-qwen.alpha4.0.steps100.blocks-8.prefetch-budget-8.rank-longest_path_first.samples10.maxnew3072.seed10086.subtreePrefetch.vllm.log,1577,2026-08-09 05:54:59,420.0,0.0,404.9,7,0,0.1,97.1
dataset-math500.model-qwen.alpha4.0.steps100.blocks-8.prefetch-budget-8.rank-longest_path_first.samples10.maxnew3072.seed10086.subtreePrefetch.vllm.log,1592,2026-08-09 05:55:09,430.0,0.0,559.4,5,0,0.3,97.2
dataset-math500.model-qwen.alpha4.0.steps100.blocks-8.prefetch-budget-8.rank-longest_path_first.samples10.maxnew3072.seed10086.subtreePrefetch.vllm.log,1613,2026-08-09 05:55:19,440.0,0.0,344.7,4,0,0.2,97.2
dataset-math500.model-qwen.alpha4.0.steps100.blocks-8.prefetch-budget-8.rank-longest_path_first.samples10.maxnew3072.seed10086.subtreePrefetch.vllm.log,1632,2026-08-09 05:55:29,450.0,0.0,331.2,4,0,0.2,97.2
dataset-math500.model-qwen.alpha4.0.steps100.blocks-8.prefetch-budget-8.rank-longest_path_first.samples10.maxnew3072.seed10086.subtreePrefetch.vllm.log,1665,2026-08-09 05:55:39,460.0,0.0,349.7,8,0,0.1,97.3
dataset-math500.model-qwen.alpha4.0.steps100.blocks-8.prefetch-budget-8.rank-longest_path_first.samples10.maxnew3072.seed10086.subtreePrefetch.vllm.log,1680,2026-08-09 05:55:49,470.0,0.0,469.3,8,0,0.2,97.3
dataset-math500.model-qwen.alpha4.0.steps100.blocks-8.prefetch-budget-8.rank-longest_path_first.samples10.maxnew3072.seed10086.subtreePrefetch.vllm.log,1699,2026-08-09 05:55:59,480.0,0.0,564.1,6,0,0.3,97.3
dataset-math500.model-qwen.alpha4.0.steps100.blocks-8.prefetch-budget-8.rank-longest_path_first.samples10.maxnew3072.seed10086.subtreePrefetch.vllm.log,1716,2026-08-09 05:56:09,490.0,0.0,461.2,7,0,0.3,97.3
dataset-math500.model-qwen.alpha4.0.steps100.blocks-8.prefetch-budget-8.rank-longest_path_first.samples10.maxnew3072.seed10086.subtreePrefetch.vllm.log,1735,2026-08-09 05:56:19,500.0,0.0,451.2,2,0,0.1,97.3
dataset-math500.model-qwen.alpha4.0.steps100.blocks-8.prefetch-budget-8.rank-longest_path_first.samples10.maxnew3072.seed10086.subtreePrefetch.vllm.log,1752,2026-08-09 05:56:29,510.0,0.0,321.3,3,0,0.2,97.4
dataset-math500.model-qwen.alpha4.0.steps100.blocks-8.prefetch-budget-8.rank-longest_path_first.samples10.maxnew3072.seed10086.subtreePrefetch.vllm.log,1773,2026-08-09 05:56:39,520.0,0.0,411.8,3,0,0.2,97.4
dataset-math500.model-qwen.alpha4.0.steps100.blocks-8.prefetch-budget-8.rank-longest_path_first.samples10.maxnew3072.seed10086.subtreePrefetch.vllm.log,1792,2026-08-09 05:56:49,530.0,0.0,384.3,3,0,0.2,97.4
dataset-math500.model-qwen.alpha4.0.steps100.blocks-8.prefetch-budget-8.rank-longest_path_first.samples10.maxnew3072.seed10086.subtreePrefetch.vllm.log,1827,2026-08-09 05:56:59,540.0,0.0,523.9,8,0,0.2,97.4
dataset-math500.model-qwen.alpha4.0.steps100.blocks-8.prefetch-budget-8.rank-longest_path_first.samples10.maxnew3072.seed10086.subtreePrefetch.vllm.log,1844,2026-08-09 05:57:09,550.0,0.0,425.8,5,0,0.2,97.4
dataset-math500.model-qwen.alpha4.0.steps100.blocks-8.prefetch-budget-8.rank-longest_path_first.samples10.maxnew3072.seed10086.subtreePrefetch.vllm.log,1863,2026-08-09 05:57:19,560.0,0.0,340.7,6,0,0.2,97.4
dataset-math500.model-qwen.alpha4.0.steps100.blocks-8.prefetch-budget-8.rank-longest_path_first.samples10.maxnew3072.seed10086.subtreePrefetch.vllm.log,1884,2026-08-09 05:57:29,570.0,0.0,466.6,5,0,0.3,97.4
dataset-math500.model-qwen.alpha4.0.steps100.blocks-8.prefetch-budget-8.rank-longest_path_first.samples10.maxnew3072.seed10086.subtreePrefetch.vllm.log,1912,2026-08-09 05:57:39,580.0,0.0,219.9,1,0,0.1,97.4
dataset-math500.model-qwen.alpha4.0.steps100.blocks-8.prefetch-budget-8.rank-longest_path_first.samples10.maxnew3072.seed10086.subtreePrefetch.vllm.log,1913,2026-08-09 05:57:49,590.0,0.0,377.2,4,0,0.3,97.4
dataset-math500.model-qwen.alpha4.0.steps100.blocks-8.prefetch-budget-8.rank-longest_path_first.samples10.maxnew3072.seed10086.subtreePrefetch.vllm.log,1934,2026-08-09 05:57:59,600.0,0.0,288.5,7,0,0.2,97.5
dataset-math500.model-qwen.alpha4.0.steps100.blocks-8.prefetch-budget-8.rank-longest_path_first.samples10.maxnew3072.seed10086.subtreePrefetch.vllm.log,1935,2026-08-09 05:58:09,610.0,0.0,380.0,4,0,0.4,97.5
dataset-math500.model-qwen.alpha4.0.steps100.blocks-8.prefetch-budget-8.rank-longest_path_first.samples10.maxnew3072.seed10086.subtreePrefetch.vllm.log,1950,2026-08-09 05:58:19,620.0,0.0,397.3,4,0,0.3,97.5
dataset-math500.model-qwen.alpha4.0.steps100.blocks-8.prefetch-budget-8.rank-longest_path_first.samples10.maxnew3072.seed10086.subtreePrefetch.vllm.log,1969,2026-08-09 05:58:29,630.0,0.0,394.8,5,0,0.3,97.5
dataset-math500.model-qwen.alpha4.0.steps100.blocks-8.prefetch-budget-8.rank-longest_path_first.samples10.maxnew3072.seed10086.subtreePrefetch.vllm.log,1988,2026-08-09 05:58:39,640.0,0.0,379.0,8,0,0.3,97.5
dataset-math500.model-qwen.alpha4.0.steps100.blocks-8.prefetch-budget-8.rank-longest_path_first.samples10.maxnew3072.seed10086.subtreePrefetch.vllm.log,2007,2026-08-09 05:58:49,650.0,0.0,532.1,8,0,0.3,97.5
dataset-math500.model-qwen.alpha4.0.steps100.blocks-8.prefetch-budget-8.rank-longest_path_first.samples10.maxnew3072.seed10086.subtreePrefetch.vllm.log,2008,2026-08-09 05:58:59,660.0,0.0,416.3,3,0,0.3,97.5
dataset-math500.model-qwen.alpha4.0.steps100.blocks-8.prefetch-budget-8.rank-longest_path_first.samples10.maxnew3072.seed10086.subtreePrefetch.vllm.log,2023,2026-08-09 05:59:09,670.0,0.0,628.9,3,0,0.3,97.5
dataset-math500.model-qwen.alpha4.0.steps100.blocks-8.prefetch-budget-8.rank-longest_path_first.samples10.maxnew3072.seed10086.subtreePrefetch.vllm.log,2060,2026-08-09 05:59:19,680.0,0.0,683.8,7,0,0.1,97.6
dataset-math500.model-qwen.alpha4.0.steps100.blocks-8.prefetch-budget-8.rank-longest_path_first.samples10.maxnew3072.seed10086.subtreePrefetch.vllm.log,2061,2026-08-09 05:59:29,690.0,0.0,425.5,5,0,0.4,97.6
dataset-math500.model-qwen.alpha4.0.steps100.blocks-8.prefetch-budget-8.rank-longest_path_first.samples10.maxnew3072.seed10086.subtreePrefetch.vllm.log,2080,2026-08-09 05:59:39,700.0,0.0,447.9,2,0,0.2,97.6
dataset-math500.model-qwen.alpha4.0.steps100.blocks-8.prefetch-budget-8.rank-longest_path_first.samples10.maxnew3072.seed10086.subtreePrefetch.vllm.log,2101,2026-08-09 05:59:49,710.0,0.0,589.6,2,0,0.2,97.6
dataset-math500.model-qwen.alpha4.0.steps100.blocks-8.prefetch-budget-8.rank-longest_path_first.samples10.maxnew3072.seed10086.subtreePrefetch.vllm.log,2116,2026-08-09 05:59:59,720.0,0.0,580.6,1,0,0.1,97.6
dataset-math500.model-qwen.alpha4.0.steps100.blocks-8.prefetch-budget-8.rank-longest_path_first.samples10.maxnew3072.seed10086.subtreePrefetch.vllm.log,2133,2026-08-09 06:00:09,730.0,0.0,492.6,4,0,0.4,97.6
dataset-math500.model-qwen.alpha4.0.steps100.blocks-8.prefetch-budget-8.rank-longest_path_first.samples10.maxnew3072.seed10086.subtreePrefetch.vllm.log,2154,2026-08-09 06:00:19,740.0,0.0,655.2,2,0,0.2,97.6
dataset-math500.model-qwen.alpha4.0.steps100.blocks-8.prefetch-budget-8.rank-longest_path_first.samples10.maxnew3072.seed10086.subtreePrefetch.vllm.log,2173,2026-08-09 06:00:29,750.0,0.0,440.7,7,0,0.5,97.7
dataset-math500.model-qwen.alpha4.0.steps100.blocks-8.prefetch-budget-8.rank-longest_path_first.samples10.maxnew3072.seed10086.subtreePrefetch.vllm.log,2192,2026-08-09 06:00:39,760.0,0.0,507.5,8,0,0.4,97.7
dataset-math500.model-qwen.alpha4.0.steps100.blocks-8.prefetch-budget-8.rank-longest_path_first.samples10.maxnew3072.seed10086.subtreePrefetch.vllm.log,2205,2026-08-09 06:00:49,770.0,0.0,510.5,8,0,0.3,97.7
dataset-math500.model-qwen.alpha4.0.steps100.blocks-8.prefetch-budget-8.rank-longest_path_first.samples10.maxnew3072.seed10086.subtreePrefetch.vllm.log,2206,2026-08-09 06:00:59,780.0,0.0,450.1,1,0,0.1,97.7
dataset-math500.model-qwen.alpha4.0.steps100.blocks-8.prefetch-budget-8.rank-longest_path_first.samples10.maxnew3072.seed10086.subtreePrefetch.vllm.log,2225,2026-08-09 06:01:09,790.0,0.0,593.3,1,0,0.1,97.7
dataset-math500.model-qwen.alpha4.0.steps100.blocks-8.prefetch-budget-8.rank-longest_path_first.samples10.maxnew3072.seed10086.subtreePrefetch.vllm.log,2260,2026-08-09 06:01:19,800.0,0.0,552.2,7,0,0.2,97.7
dataset-math500.model-qwen.alpha4.0.steps100.blocks-8.prefetch-budget-8.rank-longest_path_first.samples10.maxnew3072.seed10086.subtreePrefetch.vllm.log,2279,2026-08-09 06:01:29,810.0,0.0,654.2,7,0,0.2,97.7
dataset-math500.model-qwen.alpha4.0.steps100.blocks-8.prefetch-budget-8.rank-longest_path_first.samples10.maxnew3072.seed10086.subtreePrefetch.vllm.log,2300,2026-08-09 06:01:39,820.0,0.0,558.1,8,0,0.2,97.7
dataset-math500.model-qwen.alpha4.0.steps100.blocks-8.prefetch-budget-8.rank-longest_path_first.samples10.maxnew3072.seed10086.subtreePrefetch.vllm.log,2301,2026-08-09 06:01:49,830.0,0.0,447.4,3,0,0.3,97.7
dataset-math500.model-qwen.alpha4.0.steps100.blocks-8.prefetch-budget-8.rank-longest_path_first.samples10.maxnew3072.seed10086.subtreePrefetch.vllm.log,2322,2026-08-09 06:01:59,840.0,0.0,525.5,2,0,0.2,97.7
dataset-math500.model-qwen.alpha4.0.steps100.blocks-8.prefetch-budget-8.rank-longest_path_first.samples10.maxnew3072.seed10086.subtreePrefetch.vllm.log,2339,2026-08-09 06:02:09,850.0,0.0,400.1,5,0,0.3,97.7
dataset-math500.model-qwen.alpha4.0.steps100.blocks-8.prefetch-budget-8.rank-longest_path_first.samples10.maxnew3072.seed10086.subtreePrefetch.vllm.log,2358,2026-08-09 06:02:19,860.0,0.0,456.9,4,0,0.2,97.8
dataset-math500.model-qwen.alpha4.0.steps100.blocks-8.prefetch-budget-8.rank-longest_path_first.samples10.maxnew3072.seed10086.subtreePrefetch.vllm.log,2375,2026-08-09 06:02:29,870.0,0.0,394.3,8,0,0.3,97.8
dataset-math500.model-qwen.alpha4.0.steps100.blocks-8.prefetch-budget-8.rank-longest_path_first.samples10.maxnew3072.seed10086.subtreePrefetch.vllm.log,2396,2026-08-09 06:02:39,880.0,0.0,503.9,8,0,0.2,97.8
dataset-math500.model-qwen.alpha4.0.steps100.blocks-8.prefetch-budget-8.rank-longest_path_first.samples10.maxnew3072.seed10086.subtreePrefetch.vllm.log,2397,2026-08-09 06:02:49,890.0,0.0,434.2,5,0,0.4,97.8
dataset-math500.model-qwen.alpha4.0.steps100.blocks-8.prefetch-budget-8.rank-longest_path_first.samples10.maxnew3072.seed10086.subtreePrefetch.vllm.log,2418,2026-08-09 06:02:59,900.0,0.0,571.2,7,0,0.5,97.8
dataset-math500.model-qwen.alpha4.0.steps100.blocks-8.prefetch-budget-8.rank-longest_path_first.samples10.maxnew3072.seed10086.subtreePrefetch.vllm.log,2437,2026-08-09 06:03:09,910.0,0.0,496.0,1,0,0.1,97.8
dataset-math500.model-qwen.alpha4.0.steps100.blocks-8.prefetch-budget-8.rank-longest_path_first.samples10.maxnew3072.seed10086.subtreePrefetch.vllm.log,2529,2026-08-09 06:03:19,920.0,0.0,295.1,7,0,0.1,97.8
dataset-math500.model-qwen.alpha4.0.steps100.blocks-8.prefetch-budget-8.rank-longest_path_first.samples10.maxnew3072.seed10086.subtreePrefetch.vllm.log,2568,2026-08-09 06:03:29,930.0,0.0,439.0,4,0,0.1,97.8
dataset-math500.model-qwen.alpha4.0.steps100.blocks-8.prefetch-budget-8.rank-longest_path_first.samples10.maxnew3072.seed10086.subtreePrefetch.vllm.log,2619,2026-08-09 06:03:39,940.0,0.0,458.1,8,0,0.1,97.8
dataset-math500.model-qwen.alpha4.0.steps100.blocks-8.prefetch-budget-8.rank-longest_path_first.samples10.maxnew3072.seed10086.subtreePrefetch.vllm.log,2654,2026-08-09 06:03:49,950.0,0.0,458.8,8,0,0.1,97.8
dataset-math500.model-qwen.alpha4.0.steps100.blocks-8.prefetch-budget-8.rank-longest_path_first.samples10.maxnew3072.seed10086.subtreePrefetch.vllm.log,2693,2026-08-09 06:03:59,960.0,0.0,385.6,7,0,0.1,97.8
dataset-math500.model-qwen.alpha4.0.steps100.blocks-8.prefetch-budget-8.rank-longest_path_first.samples10.maxnew3072.seed10086.subtreePrefetch.vllm.log,2730,2026-08-09 06:04:09,970.0,0.0,332.5,7,0,0.1,97.8
dataset-math500.model-qwen.alpha4.0.steps100.blocks-8.prefetch-budget-8.rank-longest_path_first.samples10.maxnew3072.seed10086.subtreePrefetch.vllm.log,2765,2026-08-09 06:04:19,980.0,0.0,363.1,7,0,0.2,97.8
dataset-math500.model-qwen.alpha4.0.steps100.blocks-8.prefetch-budget-8.rank-longest_path_first.samples10.maxnew3072.seed10086.subtreePrefetch.vllm.log,2806,2026-08-09 06:04:29,990.0,0.0,410.6,4,0,0.1,97.8
dataset-math500.model-qwen.alpha4.0.steps100.blocks-8.prefetch-budget-8.rank-longest_path_first.samples10.maxnew3072.seed10086.subtreePrefetch.vllm.log,2865,2026-08-09 06:04:39,1000.0,0.0,418.6,8,0,0.1,97.8
dataset-math500.model-qwen.alpha4.0.steps100.blocks-8.prefetch-budget-8.rank-longest_path_first.samples10.maxnew3072.seed10086.subtreePrefetch.vllm.log,2900,2026-08-09 06:04:49,1010.0,0.0,418.6,8,0,0.1,97.8
dataset-math500.model-qwen.alpha4.0.steps100.blocks-8.prefetch-budget-8.rank-longest_path_first.samples10.maxnew3072.seed10086.subtreePrefetch.vllm.log,2941,2026-08-09 06:04:59,1020.0,0.0,386.7,7,0,0.1,97.8
dataset-math500.model-qwen.alpha4.0.steps100.blocks-8.prefetch-budget-8.rank-longest_path_first.samples10.maxnew3072.seed10086.subtreePrefetch.vllm.log,2976,2026-08-09 06:05:09,1030.0,0.0,423.2,6,0,0.1,97.8
dataset-math500.model-qwen.alpha4.0.steps100.blocks-8.prefetch-budget-8.rank-longest_path_first.samples10.maxnew3072.seed10086.subtreePrefetch.vllm.log,3031,2026-08-09 06:05:19,1040.0,0.0,436.8,7,0,0.1,97.8
dataset-math500.model-qwen.alpha4.0.steps100.blocks-8.prefetch-budget-8.rank-longest_path_first.samples10.maxnew3072.seed10086.subtreePrefetch.vllm.log,3070,2026-08-09 06:05:29,1050.0,0.0,486.7,8,0,0.2,97.8
dataset-math500.model-qwen.alpha4.0.steps100.blocks-8.prefetch-budget-8.rank-longest_path_first.samples10.maxnew3072.seed10086.subtreePrefetch.vllm.log,3103,2026-08-09 06:05:39,1060.0,0.0,422.0,7,0,0.1,97.8
dataset-math500.model-qwen.alpha4.0.steps100.blocks-8.prefetch-budget-8.rank-longest_path_first.samples10.maxnew3072.seed10086.subtreePrefetch.vllm.log,3136,2026-08-09 06:05:49,1070.0,0.0,420.0,6,0,0.1,97.9
dataset-math500.model-qwen.alpha4.0.steps100.blocks-8.prefetch-budget-8.rank-longest_path_first.samples10.maxnew3072.seed10086.subtreePrefetch.vllm.log,3160,2026-08-09 06:05:59,1080.0,0.0,204.8,8,0,0.1,97.9
dataset-math500.model-qwen.alpha4.0.steps100.blocks-8.prefetch-budget-8.rank-longest_path_first.samples10.maxnew3072.seed10086.subtreePrefetch.vllm.log,3181,2026-08-09 06:06:09,1090.0,0.0,460.2,8,0,0.1,97.9
dataset-math500.model-qwen.alpha4.0.steps100.blocks-8.prefetch-budget-8.rank-longest_path_first.samples10.maxnew3072.seed10086.subtreePrefetch.vllm.log,3202,2026-08-09 06:06:19,1100.0,0.0,429.0,8,0,0.1,97.9
dataset-math500.model-qwen.alpha4.0.steps100.blocks-8.prefetch-budget-8.rank-longest_path_first.samples10.maxnew3072.seed10086.subtreePrefetch.vllm.log,3203,2026-08-09 06:06:29,1110.0,0.0,362.4,1,0,0.1,97.9
dataset-math500.model-qwen.alpha4.0.steps100.blocks-8.prefetch-budget-8.rank-longest_path_first.samples10.maxnew3072.seed10086.subtreePrefetch.vllm.log,3236,2026-08-09 06:06:39,1120.0,0.0,494.8,8,0,0.2,97.9
dataset-math500.model-qwen.alpha4.0.steps100.blocks-8.prefetch-budget-8.rank-longest_path_first.samples10.maxnew3072.seed10086.subtreePrefetch.vllm.log,3253,2026-08-09 06:06:49,1130.0,0.0,431.9,5,0,0.1,97.9
dataset-math500.model-qwen.alpha4.0.steps100.blocks-8.prefetch-budget-8.rank-longest_path_first.samples10.maxnew3072.seed10086.subtreePrefetch.vllm.log,3272,2026-08-09 06:06:59,1140.0,0.0,510.2,6,0,0.3,97.9
dataset-math500.model-qwen.alpha4.0.steps100.blocks-8.prefetch-budget-8.rank-longest_path_first.samples10.maxnew3072.seed10086.subtreePrefetch.vllm.log,3313,2026-08-09 06:07:09,1150.0,0.0,466.9,7,0,0.1,97.9
dataset-math500.model-qwen.alpha4.0.steps100.blocks-8.prefetch-budget-8.rank-longest_path_first.samples10.maxnew3072.seed10086.subtreePrefetch.vllm.log,3328,2026-08-09 06:07:19,1160.0,0.0,323.6,8,0,0.1,97.9
dataset-math500.model-qwen.alpha4.0.steps100.blocks-8.prefetch-budget-8.rank-longest_path_first.samples10.maxnew3072.seed10086.subtreePrefetch.vllm.log,3347,2026-08-09 06:07:29,1170.0,0.0,332.8,8,0,0.1,97.9
dataset-math500.model-qwen.alpha4.0.steps100.blocks-8.prefetch-budget-8.rank-longest_path_first.samples10.maxnew3072.seed10086.subtreePrefetch.vllm.log,3368,2026-08-09 06:07:39,1180.0,0.0,481.0,5,0,0.2,97.9
dataset-math500.model-qwen.alpha4.0.steps100.blocks-8.prefetch-budget-8.rank-longest_path_first.samples10.maxnew3072.seed10086.subtreePrefetch.vllm.log,3387,2026-08-09 06:07:49,1190.0,0.0,397.5,5,0,0.3,97.9
dataset-math500.model-qwen.alpha4.0.steps100.blocks-8.prefetch-budget-8.rank-longest_path_first.samples10.maxnew3072.seed10086.subtreePrefetch.vllm.log,3404,2026-08-09 06:07:59,1200.0,0.0,333.0,2,0,0.1,97.9
dataset-math500.model-qwen.alpha4.0.steps100.blocks-8.prefetch-budget-8.rank-longest_path_first.samples10.maxnew3072.seed10086.subtreePrefetch.vllm.log,3425,2026-08-09 06:08:09,1210.0,0.0,397.4,3,0,0.2,97.9
dataset-math500.model-qwen.alpha4.0.steps100.blocks-8.prefetch-budget-8.rank-longest_path_first.samples10.maxnew3072.seed10086.subtreePrefetch.vllm.log,3442,2026-08-09 06:08:19,1220.0,0.0,340.7,3,0,0.2,97.9
dataset-math500.model-qwen.alpha4.0.steps100.blocks-8.prefetch-budget-8.rank-longest_path_first.samples10.maxnew3072.seed10086.subtreePrefetch.vllm.log,3461,2026-08-09 06:08:29,1230.0,0.0,441.2,4,0,0.3,97.9
dataset-math500.model-qwen.alpha4.0.steps100.blocks-8.prefetch-budget-8.rank-longest_path_first.samples10.maxnew3072.seed10086.subtreePrefetch.vllm.log,3494,2026-08-09 06:08:39,1240.0,0.0,405.8,8,0,0.1,97.9
dataset-math500.model-qwen.alpha4.0.steps100.blocks-8.prefetch-budget-8.rank-longest_path_first.samples10.maxnew3072.seed10086.subtreePrefetch.vllm.log,3495,2026-08-09 06:08:49,1250.0,0.0,401.2,1,0,0.1,97.9
dataset-math500.model-qwen.alpha4.0.steps100.blocks-8.prefetch-budget-8.rank-longest_path_first.samples10.maxnew3072.seed10086.subtreePrefetch.vllm.log,3530,2026-08-09 06:08:59,1260.0,0.0,394.2,6,0,0.1,97.9
dataset-math500.model-qwen.alpha4.0.steps100.blocks-8.prefetch-budget-8.rank-longest_path_first.samples10.maxnew3072.seed10086.subtreePrefetch.vllm.log,3549,2026-08-09 06:09:09,1270.0,0.0,316.2,8,0,0.2,97.9
dataset-math500.model-qwen.alpha4.0.steps100.blocks-8.prefetch-budget-8.rank-longest_path_first.samples10.maxnew3072.seed10086.subtreePrefetch.vllm.log,3566,2026-08-09 06:09:19,1280.0,0.0,447.6,8,0,0.1,97.9
dataset-math500.model-qwen.alpha4.0.steps100.blocks-8.prefetch-budget-8.rank-longest_path_first.samples10.maxnew3072.seed10086.subtreePrefetch.vllm.log,3585,2026-08-09 06:09:29,1290.0,0.0,368.9,8,0,0.1,97.9
dataset-math500.model-qwen.alpha4.0.steps100.blocks-8.prefetch-budget-8.rank-longest_path_first.samples10.maxnew3072.seed10086.subtreePrefetch.vllm.log,3604,2026-08-09 06:09:39,1300.0,0.0,324.1,7,0,0.1,97.9
dataset-math500.model-qwen.alpha4.0.steps100.blocks-8.prefetch-budget-8.rank-longest_path_first.samples10.maxnew3072.seed10086.subtreePrefetch.vllm.log,3625,2026-08-09 06:09:49,1310.0,0.0,497.9,7,0,0.3,97.9
dataset-math500.model-qwen.alpha4.0.steps100.blocks-8.prefetch-budget-8.rank-longest_path_first.samples10.maxnew3072.seed10086.subtreePrefetch.vllm.log,3716,2026-08-09 06:09:59,1320.0,0.0,380.6,1,0,0.0,97.9
dataset-math500.model-qwen.alpha4.0.steps100.blocks-8.prefetch-budget-8.rank-longest_path_first.samples10.maxnew3072.seed10086.subtreePrefetch.vllm.log,3737,2026-08-09 06:10:09,1330.0,0.0,342.9,2,0,0.1,97.9
dataset-math500.model-qwen.alpha4.0.steps100.blocks-8.prefetch-budget-8.rank-longest_path_first.samples10.maxnew3072.seed10086.subtreePrefetch.vllm.log,3788,2026-08-09 06:10:19,1340.0,0.0,390.9,7,0,0.1,97.9
dataset-math500.model-qwen.alpha4.0.steps100.blocks-8.prefetch-budget-8.rank-longest_path_first.samples10.maxnew3072.seed10086.subtreePrefetch.vllm.log,3825,2026-08-09 06:10:29,1350.0,0.0,350.4,8,0,0.1,97.9
dataset-math500.model-qwen.alpha4.0.steps100.blocks-8.prefetch-budget-8.rank-longest_path_first.samples10.maxnew3072.seed10086.subtreePrefetch.vllm.log,3858,2026-08-09 06:10:39,1360.0,0.0,363.0,8,0,0.1,97.9
dataset-math500.model-qwen.alpha4.0.steps100.blocks-8.prefetch-budget-8.rank-longest_path_first.samples10.maxnew3072.seed10086.subtreePrefetch.vllm.log,3875,2026-08-09 06:10:49,1370.0,0.0,337.0,1,0,0.0,97.9
dataset-math500.model-qwen.alpha4.0.steps100.blocks-8.prefetch-budget-8.rank-longest_path_first.samples10.maxnew3072.seed10086.subtreePrefetch.vllm.log,3930,2026-08-09 06:10:59,1380.0,0.0,423.2,6,0,0.1,97.9
dataset-math500.model-qwen.alpha4.0.steps100.blocks-8.prefetch-budget-8.rank-longest_path_first.samples10.maxnew3072.seed10086.subtreePrefetch.vllm.log,3985,2026-08-09 06:11:09,1390.0,0.0,505.5,8,0,0.1,97.8
dataset-math500.model-qwen.alpha4.0.steps100.blocks-8.prefetch-budget-8.rank-longest_path_first.samples10.maxnew3072.seed10086.subtreePrefetch.vllm.log,4022,2026-08-09 06:11:19,1400.0,0.0,422.7,6,0,0.1,97.8
dataset-math500.model-qwen.alpha4.0.steps100.blocks-8.prefetch-budget-8.rank-longest_path_first.samples10.maxnew3072.seed10086.subtreePrefetch.vllm.log,4059,2026-08-09 06:11:29,1410.0,0.0,449.0,2,0,0.1,97.8
dataset-math500.model-qwen.alpha4.0.steps100.blocks-8.prefetch-budget-8.rank-longest_path_first.samples10.maxnew3072.seed10086.subtreePrefetch.vllm.log,4112,2026-08-09 06:11:39,1420.0,0.0,516.1,8,0,0.1,97.7
dataset-math500.model-qwen.alpha4.0.steps100.blocks-8.prefetch-budget-8.rank-longest_path_first.samples10.maxnew3072.seed10086.subtreePrefetch.vllm.log,4147,2026-08-09 06:11:49,1430.0,0.0,447.9,7,0,0.1,97.7
dataset-math500.model-qwen.alpha4.0.steps100.blocks-8.prefetch-budget-8.rank-longest_path_first.samples10.maxnew3072.seed10086.subtreePrefetch.vllm.log,4184,2026-08-09 06:11:59,1440.0,0.0,462.3,8,0,0.2,97.7
dataset-math500.model-qwen.alpha4.0.steps100.blocks-8.prefetch-budget-8.rank-longest_path_first.samples10.maxnew3072.seed10086.subtreePrefetch.vllm.log,4225,2026-08-09 06:12:09,1450.0,0.0,407.6,3,0,0.1,97.7
dataset-math500.model-qwen.alpha4.0.steps100.blocks-8.prefetch-budget-8.rank-longest_path_first.samples10.maxnew3072.seed10086.subtreePrefetch.vllm.log,4265,2026-08-09 06:12:19,1460.0,0.0,225.6,7,0,0.2,97.7
dataset-math500.model-qwen.alpha4.0.steps100.blocks-8.prefetch-budget-8.rank-longest_path_first.samples10.maxnew3072.seed10086.subtreePrefetch.vllm.log,4284,2026-08-09 06:12:29,1470.0,0.0,368.2,7,0,0.2,97.6
dataset-math500.model-qwen.alpha4.0.steps100.blocks-8.prefetch-budget-8.rank-longest_path_first.samples10.maxnew3072.seed10086.subtreePrefetch.vllm.log,4305,2026-08-09 06:12:39,1480.0,0.0,537.8,7,0,0.3,97.6
dataset-math500.model-qwen.alpha4.0.steps100.blocks-8.prefetch-budget-8.rank-longest_path_first.samples10.maxnew3072.seed10086.subtreePrefetch.vllm.log,4326,2026-08-09 06:12:49,1490.0,0.0,420.2,6,0,0.2,97.6
dataset-math500.model-qwen.alpha4.0.steps100.blocks-8.prefetch-budget-8.rank-longest_path_first.samples10.maxnew3072.seed10086.subtreePrefetch.vllm.log,4345,2026-08-09 06:12:59,1500.0,0.0,391.1,2,0,0.1,97.6
dataset-math500.model-qwen.alpha4.0.steps100.blocks-8.prefetch-budget-8.rank-longest_path_first.samples10.maxnew3072.seed10086.subtreePrefetch.vllm.log,4386,2026-08-09 06:13:09,1510.0,0.0,346.3,6,0,0.2,97.6
dataset-math500.model-qwen.alpha4.0.steps100.blocks-8.prefetch-budget-8.rank-longest_path_first.samples10.maxnew3072.seed10086.subtreePrefetch.vllm.log,4403,2026-08-09 06:13:19,1520.0,0.0,341.4,6,0,0.2,97.6
dataset-math500.model-qwen.alpha4.0.steps100.blocks-8.prefetch-budget-8.rank-longest_path_first.samples10.maxnew3072.seed10086.subtreePrefetch.vllm.log,4424,2026-08-09 06:13:29,1530.0,0.0,418.2,5,0,0.2,97.6
dataset-math500.model-qwen.alpha4.0.steps100.blocks-8.prefetch-budget-8.rank-longest_path_first.samples10.maxnew3072.seed10086.subtreePrefetch.vllm.log,4445,2026-08-09 06:13:39,1540.0,0.0,440.5,3,0,0.2,97.6
dataset-math500.model-qwen.alpha4.0.steps100.blocks-8.prefetch-budget-8.rank-longest_path_first.samples10.maxnew3072.seed10086.subtreePrefetch.vllm.log,4480,2026-08-09 06:13:49,1550.0,0.0,443.6,7,0,0.1,97.6
dataset-math500.model-qwen.alpha4.0.steps100.blocks-8.prefetch-budget-8.rank-longest_path_first.samples10.maxnew3072.seed10086.subtreePrefetch.vllm.log,4497,2026-08-09 06:13:59,1560.0,0.0,431.4,7,0,0.2,97.6
dataset-math500.model-qwen.alpha4.0.steps100.blocks-8.prefetch-budget-8.rank-longest_path_first.samples10.maxnew3072.seed10086.subtreePrefetch.vllm.log,4518,2026-08-09 06:14:09,1570.0,0.0,457.6,6,0,0.3,97.6
dataset-math500.model-qwen.alpha4.0.steps100.blocks-8.prefetch-budget-8.rank-longest_path_first.samples10.maxnew3072.seed10086.subtreePrefetch.vllm.log,4555,2026-08-09 06:14:19,1580.0,0.0,427.5,7,0,0.2,97.6
dataset-math500.model-qwen.alpha4.0.steps100.blocks-8.prefetch-budget-8.rank-longest_path_first.samples10.maxnew3072.seed10086.subtreePrefetch.vllm.log,4574,2026-08-09 06:14:29,1590.0,0.0,456.6,6,0,0.3,97.5
dataset-math500.model-qwen.alpha4.0.steps100.blocks-8.prefetch-budget-8.rank-longest_path_first.samples10.maxnew3072.seed10086.subtreePrefetch.vllm.log,4595,2026-08-09 06:14:39,1600.0,0.0,491.6,5,0,0.3,97.5
dataset-math500.model-qwen.alpha4.0.steps100.blocks-8.prefetch-budget-8.rank-longest_path_first.samples10.maxnew3072.seed10086.subtreePrefetch.vllm.log,4630,2026-08-09 06:14:49,1610.0,0.0,500.9,8,0,0.1,97.5
dataset-math500.model-qwen.alpha4.0.steps100.blocks-8.prefetch-budget-8.rank-longest_path_first.samples10.maxnew3072.seed10086.subtreePrefetch.vllm.log,4649,2026-08-09 06:14:59,1620.0,0.0,416.4,8,0,0.1,97.5
dataset-math500.model-qwen.alpha4.0.steps100.blocks-8.prefetch-budget-8.rank-longest_path_first.samples10.maxnew3072.seed10086.subtreePrefetch.vllm.log,4650,2026-08-09 06:15:09,1630.0,0.0,300.7,1,0,0.1,97.5
dataset-math500.model-qwen.alpha4.0.steps100.blocks-8.prefetch-budget-8.rank-longest_path_first.samples10.maxnew3072.seed10086.subtreePrefetch.vllm.log,4665,2026-08-09 06:15:19,1640.0,0.0,444.5,3,0,0.2,97.5
dataset-math500.model-qwen.alpha4.0.steps100.blocks-8.prefetch-budget-8.rank-longest_path_first.samples10.maxnew3072.seed10086.subtreePrefetch.vllm.log,4682,2026-08-09 06:15:29,1650.0,0.0,458.2,4,0,0.3,97.4
dataset-math500.model-qwen.alpha4.0.steps100.blocks-8.prefetch-budget-8.rank-longest_path_first.samples10.maxnew3072.seed10086.subtreePrefetch.vllm.log,4717,2026-08-09 06:15:39,1660.0,0.0,462.6,7,0,0.2,97.4
dataset-math500.model-qwen.alpha4.0.steps100.blocks-8.prefetch-budget-8.rank-longest_path_first.samples10.maxnew3072.seed10086.subtreePrefetch.vllm.log,4736,2026-08-09 06:15:49,1670.0,0.0,328.5,1,0,0.1,97.4
dataset-math500.model-qwen.alpha4.0.steps100.blocks-8.prefetch-budget-8.rank-longest_path_first.samples10.maxnew3072.seed10086.subtreePrefetch.vllm.log,4790,2026-08-09 06:15:59,1680.0,0.0,276.1,5,0,0.2,97.3
dataset-math500.model-qwen.alpha4.0.steps100.blocks-8.prefetch-budget-8.rank-longest_path_first.samples10.maxnew3072.seed10086.subtreePrefetch.vllm.log,4825,2026-08-09 06:16:09,1690.0,0.0,447.7,4,0,0.2,97.3
dataset-math500.model-qwen.alpha4.0.steps100.blocks-8.prefetch-budget-8.rank-longest_path_first.samples10.maxnew3072.seed10086.subtreePrefetch.vllm.log,4862,2026-08-09 06:16:19,1700.0,0.0,379.2,5,0,0.2,97.3
dataset-math500.model-qwen.alpha4.0.steps100.blocks-8.prefetch-budget-8.rank-longest_path_first.samples10.maxnew3072.seed10086.subtreePrefetch.vllm.log,4895,2026-08-09 06:16:29,1710.0,0.0,411.2,4,0,0.2,97.3
dataset-math500.model-qwen.alpha4.0.steps100.blocks-8.prefetch-budget-8.rank-longest_path_first.samples10.maxnew3072.seed10086.subtreePrefetch.vllm.log,4932,2026-08-09 06:16:39,1720.0,0.0,410.4,2,0,0.1,97.3
dataset-math500.model-qwen.alpha4.0.steps100.blocks-8.prefetch-budget-8.rank-longest_path_first.samples10.maxnew3072.seed10086.subtreePrefetch.vllm.log,4989,2026-08-09 06:16:49,1730.0,0.0,420.4,6,0,0.1,97.3
dataset-math500.model-qwen.alpha4.0.steps100.blocks-8.prefetch-budget-8.rank-longest_path_first.samples10.maxnew3072.seed10086.subtreePrefetch.vllm.log,5024,2026-08-09 06:16:59,1740.0,0.0,408.8,5,0,0.2,97.4
dataset-math500.model-qwen.alpha4.0.steps100.blocks-8.prefetch-budget-8.rank-longest_path_first.samples10.maxnew3072.seed10086.subtreePrefetch.vllm.log,5077,2026-08-09 06:17:09,1750.0,0.0,433.5,8,0,0.1,97.4
dataset-math500.model-qwen.alpha4.0.steps100.blocks-8.prefetch-budget-8.rank-longest_path_first.samples10.maxnew3072.seed10086.subtreePrefetch.vllm.log,5114,2026-08-09 06:17:19,1760.0,0.0,439.7,8,0,0.1,97.5
dataset-math500.model-qwen.alpha4.0.steps100.blocks-8.prefetch-budget-8.rank-longest_path_first.samples10.maxnew3072.seed10086.subtreePrefetch.vllm.log,5165,2026-08-09 06:17:29,1770.0,0.0,568.6,8,0,0.1,97.5
dataset-math500.model-qwen.alpha4.0.steps100.blocks-8.prefetch-budget-8.rank-longest_path_first.samples10.maxnew3072.seed10086.subtreePrefetch.vllm.log,5198,2026-08-09 06:17:39,1780.0,0.0,437.7,5,0,0.1,97.5
dataset-math500.model-qwen.alpha4.0.steps100.blocks-8.prefetch-budget-8.rank-longest_path_first.samples10.maxnew3072.seed10086.subtreePrefetch.vllm.log,5253,2026-08-09 06:17:49,1790.0,0.0,488.5,8,0,0.1,97.6
dataset-math500.model-qwen.alpha4.0.steps100.blocks-8.prefetch-budget-8.rank-longest_path_first.samples10.maxnew3072.seed10086.subtreePrefetch.vllm.log,5284,2026-08-09 06:17:59,1800.0,0.0,473.3,5,0,0.2,97.6
dataset-math500.model-qwen.alpha4.0.steps100.blocks-8.prefetch-budget-8.rank-longest_path_first.samples10.maxnew3072.seed10086.subtreePrefetch.vllm.log,5339,2026-08-09 06:18:09,1810.0,0.0,448.9,4,0,0.1,97.7
dataset-math500.model-qwen.alpha4.0.steps100.blocks-8.prefetch-budget-8.rank-longest_path_first.samples10.maxnew3072.seed10086.subtreePrefetch.vllm.log,5370,2026-08-09 06:18:19,1820.0,0.0,419.2,7,0,0.2,97.7
dataset-math500.model-qwen.alpha4.0.steps100.blocks-8.prefetch-budget-8.rank-longest_path_first.samples10.maxnew3072.seed10086.subtreePrefetch.vllm.log,5405,2026-08-09 06:18:29,1830.0,0.0,448.7,7,0,0.1,97.7
dataset-math500.model-qwen.alpha4.0.steps100.blocks-8.prefetch-budget-8.rank-longest_path_first.samples10.maxnew3072.seed10086.subtreePrefetch.vllm.log,5454,2026-08-09 06:18:39,1840.0,0.0,491.8,8,0,0.1,97.8
dataset-math500.model-qwen.alpha4.0.steps100.blocks-8.prefetch-budget-8.rank-longest_path_first.samples10.maxnew3072.seed10086.subtreePrefetch.vllm.log,5481,2026-08-09 06:18:49,1850.0,0.0,425.6,5,0,0.1,97.8
dataset-math500.model-qwen.alpha4.0.steps100.blocks-8.prefetch-budget-8.rank-longest_path_first.samples10.maxnew3072.seed10086.subtreePrefetch.vllm.log,5522,2026-08-09 06:18:59,1860.0,0.0,349.3,1,0,0.1,97.8
dataset-math500.model-qwen.alpha4.0.steps100.blocks-8.prefetch-budget-8.rank-longest_path_first.samples10.maxnew3072.seed10086.subtreePrefetch.vllm.log,5568,2026-08-09 06:19:09,1870.0,0.0,240.1,8,0,0.2,97.9
dataset-math500.model-qwen.alpha4.0.steps100.blocks-8.prefetch-budget-8.rank-longest_path_first.samples10.maxnew3072.seed10086.subtreePrefetch.vllm.log,5587,2026-08-09 06:19:19,1880.0,0.0,566.2,7,0,0.3,97.9
dataset-math500.model-qwen.alpha4.0.steps100.blocks-8.prefetch-budget-8.rank-longest_path_first.samples10.maxnew3072.seed10086.subtreePrefetch.vllm.log,5606,2026-08-09 06:19:29,1890.0,0.0,454.6,5,0,0.3,97.9
dataset-math500.model-qwen.alpha4.0.steps100.blocks-8.prefetch-budget-8.rank-longest_path_first.samples10.maxnew3072.seed10086.subtreePrefetch.vllm.log,5625,2026-08-09 06:19:39,1900.0,0.0,361.2,4,0,0.3,97.9
dataset-math500.model-qwen.alpha4.0.steps100.blocks-8.prefetch-budget-8.rank-longest_path_first.samples10.maxnew3072.seed10086.subtreePrefetch.vllm.log,5660,2026-08-09 06:19:49,1910.0,0.0,623.7,7,0,0.3,97.9
dataset-math500.model-qwen.alpha4.0.steps100.blocks-8.prefetch-budget-8.rank-longest_path_first.samples10.maxnew3072.seed10086.subtreePrefetch.vllm.log,5699,2026-08-09 06:19:59,1920.0,0.0,537.0,8,0,0.1,98.0
dataset-math500.model-qwen.alpha4.0.steps100.blocks-8.prefetch-budget-8.rank-longest_path_first.samples10.maxnew3072.seed10086.subtreePrefetch.vllm.log,5720,2026-08-09 06:20:09,1930.0,0.0,433.1,8,0,0.2,98.0
dataset-math500.model-qwen.alpha4.0.steps100.blocks-8.prefetch-budget-8.rank-longest_path_first.samples10.maxnew3072.seed10086.subtreePrefetch.vllm.log,5739,2026-08-09 06:20:19,1940.0,0.0,521.9,5,0,0.3,98.0
dataset-math500.model-qwen.alpha4.0.steps100.blocks-8.prefetch-budget-8.rank-longest_path_first.samples10.maxnew3072.seed10086.subtreePrefetch.vllm.log,5754,2026-08-09 06:20:29,1950.0,0.0,277.9,4,0,0.2,98.0
dataset-math500.model-qwen.alpha4.0.steps100.blocks-8.prefetch-budget-8.rank-longest_path_first.samples10.maxnew3072.seed10086.subtreePrefetch.vllm.log,5791,2026-08-09 06:20:39,1960.0,0.0,645.4,8,0,0.2,98.0
dataset-math500.model-qwen.alpha4.0.steps100.blocks-8.prefetch-budget-8.rank-longest_path_first.samples10.maxnew3072.seed10086.subtreePrefetch.vllm.log,5812,2026-08-09 06:20:49,1970.0,0.0,511.4,4,0,0.2,98.0
dataset-math500.model-qwen.alpha4.0.steps100.blocks-8.prefetch-budget-8.rank-longest_path_first.samples10.maxnew3072.seed10086.subtreePrefetch.vllm.log,5833,2026-08-09 06:20:59,1980.0,0.0,361.2,6,0,0.3,98.0
dataset-math500.model-qwen.alpha4.0.steps100.blocks-8.prefetch-budget-8.rank-longest_path_first.samples10.maxnew3072.seed10086.subtreePrefetch.vllm.log,5852,2026-08-09 06:21:09,1990.0,0.0,402.6,5,0,0.3,98.1
dataset-math500.model-qwen.alpha4.0.steps100.blocks-8.prefetch-budget-8.rank-longest_path_first.samples10.maxnew3072.seed10086.subtreePrefetch.vllm.log,5873,2026-08-09 06:21:19,2000.0,0.0,451.9,1,0,0.1,98.1
dataset-math500.model-qwen.alpha4.0.steps100.blocks-8.prefetch-budget-8.rank-longest_path_first.samples10.maxnew3072.seed10086.subtreePrefetch.vllm.log,5914,2026-08-09 06:21:29,2010.0,0.0,492.4,7,0,0.3,98.1
dataset-math500.model-qwen.alpha4.0.steps100.blocks-8.prefetch-budget-8.rank-longest_path_first.samples10.maxnew3072.seed10086.subtreePrefetch.vllm.log,5933,2026-08-09 06:21:39,2020.0,0.0,391.1,4,0,0.2,98.1
dataset-math500.model-qwen.alpha4.0.steps100.blocks-8.prefetch-budget-8.rank-longest_path_first.samples10.maxnew3072.seed10086.subtreePrefetch.vllm.log,5970,2026-08-09 06:21:49,2030.0,0.0,501.3,8,0,0.1,98.1
dataset-math500.model-qwen.alpha4.0.steps100.blocks-8.prefetch-budget-8.rank-longest_path_first.samples10.maxnew3072.seed10086.subtreePrefetch.vllm.log,5989,2026-08-09 06:21:59,2040.0,0.0,672.4,6,0,0.3,98.2
dataset-math500.model-qwen.alpha4.0.steps100.blocks-8.prefetch-budget-8.rank-longest_path_first.samples10.maxnew3072.seed10086.subtreePrefetch.vllm.log,6008,2026-08-09 06:22:09,2050.0,0.0,481.9,3,0,0.2,98.2
dataset-math500.model-qwen.alpha4.0.steps100.blocks-8.prefetch-budget-8.rank-longest_path_first.samples10.maxnew3072.seed10086.subtreePrefetch.vllm.log,6045,2026-08-09 06:22:19,2060.0,0.0,463.9,7,0,0.2,98.2
dataset-math500.model-qwen.alpha4.0.steps100.blocks-8.prefetch-budget-8.rank-longest_path_first.samples10.maxnew3072.seed10086.subtreePrefetch.vllm.log,6062,2026-08-09 06:22:29,2070.0,0.0,416.7,7,0,0.2,98.2
dataset-math500.model-qwen.alpha4.0.steps100.blocks-8.prefetch-budget-8.rank-longest_path_first.samples10.maxnew3072.seed10086.subtreePrefetch.vllm.log,6081,2026-08-09 06:22:39,2080.0,0.0,368.6,7,0,0.1,98.2
dataset-math500.model-qwen.alpha4.0.steps100.blocks-8.prefetch-budget-8.rank-longest_path_first.samples10.maxnew3072.seed10086.subtreePrefetch.vllm.log,6156,2026-08-09 06:22:49,2090.0,0.0,454.8,1,0,0.0,98.2
dataset-math500.model-qwen.alpha4.0.steps100.blocks-8.prefetch-budget-8.rank-longest_path_first.samples10.maxnew3072.seed10086.subtreePrefetch.vllm.log,6187,2026-08-09 06:22:59,2100.0,0.0,438.3,2,0,0.1,98.2
dataset-math500.model-qwen.alpha4.0.steps100.blocks-8.prefetch-budget-8.rank-longest_path_first.samples10.maxnew3072.seed10086.subtreePrefetch.vllm.log,6244,2026-08-09 06:23:09,2110.0,0.0,392.1,8,0,0.1,98.2
dataset-math500.model-qwen.alpha4.0.steps100.blocks-8.prefetch-budget-8.rank-longest_path_first.samples10.maxnew3072.seed10086.subtreePrefetch.vllm.log,6285,2026-08-09 06:23:19,2120.0,0.0,424.5,1,0,0.0,98.2
dataset-math500.model-qwen.alpha4.0.steps100.blocks-8.prefetch-budget-8.rank-longest_path_first.samples10.maxnew3072.seed10086.subtreePrefetch.vllm.log,6338,2026-08-09 06:23:29,2130.0,0.0,503.2,7,0,0.1,98.2
dataset-math500.model-qwen.alpha4.0.steps100.blocks-8.prefetch-budget-8.rank-longest_path_first.samples10.maxnew3072.seed10086.subtreePrefetch.vllm.log,6371,2026-08-09 06:23:39,2140.0,0.0,371.2,8,0,0.1,98.2
dataset-math500.model-qwen.alpha4.0.steps100.blocks-8.prefetch-budget-8.rank-longest_path_first.samples10.maxnew3072.seed10086.subtreePrefetch.vllm.log,6408,2026-08-09 06:23:49,2150.0,0.0,387.6,7,0,0.1,98.2
dataset-math500.model-qwen.alpha4.0.steps100.blocks-8.prefetch-budget-8.rank-longest_path_first.samples10.maxnew3072.seed10086.subtreePrefetch.vllm.log,6447,2026-08-09 06:23:59,2160.0,0.0,409.6,4,0,0.1,98.2
dataset-math500.model-qwen.alpha4.0.steps100.blocks-8.prefetch-budget-8.rank-longest_path_first.samples10.maxnew3072.seed10086.subtreePrefetch.vllm.log,6482,2026-08-09 06:24:09,2170.0,0.0,395.0,1,0,0.0,98.2
dataset-math500.model-qwen.alpha4.0.steps100.blocks-8.prefetch-budget-8.rank-longest_path_first.samples10.maxnew3072.seed10086.subtreePrefetch.vllm.log,6535,2026-08-09 06:24:19,2180.0,0.0,507.2,8,0,0.2,98.2
dataset-math500.model-qwen.alpha4.0.steps100.blocks-8.prefetch-budget-8.rank-longest_path_first.samples10.maxnew3072.seed10086.subtreePrefetch.vllm.log,6572,2026-08-09 06:24:29,2190.0,0.0,478.6,2,0,0.1,98.2
dataset-math500.model-qwen.alpha4.0.steps100.blocks-8.prefetch-budget-8.rank-longest_path_first.samples10.maxnew3072.seed10086.subtreePrefetch.vllm.log,6611,2026-08-09 06:24:39,2200.0,0.0,377.5,1,0,0.0,98.2
dataset-math500.model-qwen.alpha4.0.steps100.blocks-8.prefetch-budget-8.rank-longest_path_first.samples10.maxnew3072.seed10086.subtreePrefetch.vllm.log,6642,2026-08-09 06:24:49,2210.0,0.0,445.8,5,0,0.2,98.2
dataset-math500.model-qwen.alpha4.0.steps100.blocks-8.prefetch-budget-8.rank-longest_path_first.samples10.maxnew3072.seed10086.subtreePrefetch.vllm.log,6706,2026-08-09 06:24:59,2220.0,0.0,325.4,1,0,0.0,98.2
dataset-math500.model-qwen.alpha4.0.steps100.blocks-8.prefetch-budget-8.rank-longest_path_first.samples10.maxnew3072.seed10086.subtreePrefetch.vllm.log,6719,2026-08-09 06:25:09,2230.0,0.0,494.9,5,0,0.2,98.2
dataset-math500.model-qwen.alpha4.0.steps100.blocks-8.prefetch-budget-8.rank-longest_path_first.samples10.maxnew3072.seed10086.subtreePrefetch.vllm.log,6768,2026-08-09 06:25:19,2240.0,0.0,383.3,8,0,0.1,98.1
dataset-math500.model-qwen.alpha4.0.steps100.blocks-8.prefetch-budget-8.rank-longest_path_first.samples10.maxnew3072.seed10086.subtreePrefetch.vllm.log,6799,2026-08-09 06:25:29,2250.0,0.0,458.4,2,0,0.1,98.1
dataset-math500.model-qwen.alpha4.0.steps100.blocks-8.prefetch-budget-8.rank-longest_path_first.samples10.maxnew3072.seed10086.subtreePrefetch.vllm.log,6836,2026-08-09 06:25:39,2260.0,0.0,368.9,1,0,0.0,98.1
dataset-math500.model-qwen.alpha4.0.steps100.blocks-8.prefetch-budget-8.rank-longest_path_first.samples10.maxnew3072.seed10086.subtreePrefetch.vllm.log,6873,2026-08-09 06:25:49,2270.0,0.0,380.7,3,0,0.1,98.1
dataset-math500.model-qwen.alpha4.0.steps100.blocks-8.prefetch-budget-8.rank-longest_path_first.samples10.maxnew3072.seed10086.subtreePrefetch.vllm.log,6926,2026-08-09 06:26:00,2281.0,0.0,339.2,8,0,0.1,98.1
dataset-math500.model-qwen.alpha4.0.steps100.blocks-8.prefetch-budget-8.rank-longest_path_first.samples10.maxnew3072.seed10086.subtreePrefetch.vllm.log,6957,2026-08-09 06:26:10,2291.0,0.0,452.7,6,0,0.1,98.1
dataset-math500.model-qwen.alpha4.0.steps100.blocks-8.prefetch-budget-8.rank-longest_path_first.samples10.maxnew3072.seed10086.subtreePrefetch.vllm.log,6994,2026-08-09 06:26:20,2301.0,0.0,430.7,1,0,0.0,98.1
dataset-math500.model-qwen.alpha4.0.steps100.blocks-8.prefetch-budget-8.rank-longest_path_first.samples10.maxnew3072.seed10086.subtreePrefetch.vllm.log,7033,2026-08-09 06:26:30,2311.0,0.0,309.7,6,0,0.2,98.1
dataset-math500.model-qwen.alpha4.0.steps100.blocks-8.prefetch-budget-8.rank-longest_path_first.samples10.maxnew3072.seed10086.subtreePrefetch.vllm.log,7068,2026-08-09 06:26:40,2321.0,0.0,384.9,4,0,0.1,98.1
dataset-math500.model-qwen.alpha4.0.steps100.blocks-8.prefetch-budget-8.rank-longest_path_first.samples10.maxnew3072.seed10086.subtreePrefetch.vllm.log,7103,2026-08-09 06:26:50,2331.0,0.0,467.7,6,0,0.2,98.1
dataset-math500.model-qwen.alpha4.0.steps100.blocks-8.prefetch-budget-8.rank-longest_path_first.samples10.maxnew3072.seed10086.subtreePrefetch.vllm.log,7140,2026-08-09 06:27:00,2341.0,0.0,364.1,3,0,0.1,98.1
dataset-math500.model-qwen.alpha4.0.steps100.blocks-8.prefetch-budget-8.rank-longest_path_first.samples10.maxnew3072.seed10086.subtreePrefetch.vllm.log,7169,2026-08-09 06:27:10,2351.0,0.0,418.4,1,0,0.0,98.1
dataset-math500.model-qwen.alpha4.0.steps100.blocks-8.prefetch-budget-8.rank-longest_path_first.samples10.maxnew3072.seed10086.subtreePrefetch.vllm.log,7222,2026-08-09 06:27:20,2361.0,0.0,432.9,2,0,0.0,98.1
dataset-math500.model-qwen.alpha4.0.steps100.blocks-8.prefetch-budget-8.rank-longest_path_first.samples10.maxnew3072.seed10086.subtreePrefetch.vllm.log,7234,2026-08-09 06:27:30,2371.0,0.0,303.4,7,0,0.3,98.1
dataset-math500.model-qwen.alpha4.0.steps100.blocks-8.prefetch-budget-8.rank-longest_path_first.samples10.maxnew3072.seed10086.subtreePrefetch.vllm.log,7255,2026-08-09 06:27:40,2381.0,0.0,532.0,2,0,0.1,98.1
dataset-math500.model-qwen.alpha4.0.steps100.blocks-8.prefetch-budget-8.rank-longest_path_first.samples10.maxnew3072.seed10086.subtreePrefetch.vllm.log,7290,2026-08-09 06:27:50,2391.0,0.0,431.4,6,0,0.1,98.1
dataset-math500.model-qwen.alpha4.0.steps100.blocks-8.prefetch-budget-8.rank-longest_path_first.samples10.maxnew3072.seed10086.subtreePrefetch.vllm.log,7307,2026-08-09 06:28:00,2401.0,0.0,348.1,8,0,0.1,98.0
dataset-math500.model-qwen.alpha4.0.steps100.blocks-8.prefetch-budget-8.rank-longest_path_first.samples10.maxnew3072.seed10086.subtreePrefetch.vllm.log,7320,2026-08-09 06:28:10,2411.0,0.0,599.3,7,0,0.3,98.0
dataset-math500.model-qwen.alpha4.0.steps100.blocks-8.prefetch-budget-8.rank-longest_path_first.samples10.maxnew3072.seed10086.subtreePrefetch.vllm.log,7339,2026-08-09 06:28:20,2421.0,0.0,406.4,6,0,0.2,98.0
dataset-math500.model-qwen.alpha4.0.steps100.blocks-8.prefetch-budget-8.rank-longest_path_first.samples10.maxnew3072.seed10086.subtreePrefetch.vllm.log,7360,2026-08-09 06:28:30,2431.0,0.0,362.6,6,0,0.2,98.0
dataset-math500.model-qwen.alpha4.0.steps100.blocks-8.prefetch-budget-8.rank-longest_path_first.samples10.maxnew3072.seed10086.subtreePrefetch.vllm.log,7375,2026-08-09 06:28:40,2441.0,0.0,400.7,6,0,0.3,98.0
dataset-math500.model-qwen.alpha4.0.steps100.blocks-8.prefetch-budget-8.rank-longest_path_first.samples10.maxnew3072.seed10086.subtreePrefetch.vllm.log,7392,2026-08-09 06:28:50,2451.0,0.0,380.4,7,0,0.3,98.0
dataset-math500.model-qwen.alpha4.0.steps100.blocks-8.prefetch-budget-8.rank-longest_path_first.samples10.maxnew3072.seed10086.subtreePrefetch.vllm.log,7409,2026-08-09 06:29:00,2461.0,0.0,405.2,4,0,0.2,98.0
dataset-math500.model-qwen.alpha4.0.steps100.blocks-8.prefetch-budget-8.rank-longest_path_first.samples10.maxnew3072.seed10086.subtreePrefetch.vllm.log,7428,2026-08-09 06:29:10,2471.0,0.0,411.1,4,0,0.2,98.0
dataset-math500.model-qwen.alpha4.0.steps100.blocks-8.prefetch-budget-8.rank-longest_path_first.samples10.maxnew3072.seed10086.subtreePrefetch.vllm.log,7447,2026-08-09 06:29:20,2481.0,0.0,366.2,3,0,0.2,98.0
dataset-math500.model-qwen.alpha4.0.steps100.blocks-8.prefetch-budget-8.rank-longest_path_first.samples10.maxnew3072.seed10086.subtreePrefetch.vllm.log,7466,2026-08-09 06:29:30,2491.0,0.0,382.2,3,0,0.2,98.0
dataset-math500.model-qwen.alpha4.0.steps100.blocks-8.prefetch-budget-8.rank-longest_path_first.samples10.maxnew3072.seed10086.subtreePrefetch.vllm.log,7481,2026-08-09 06:29:40,2501.0,0.0,418.6,6,0,0.3,98.0
dataset-math500.model-qwen.alpha4.0.steps100.blocks-8.prefetch-budget-8.rank-longest_path_first.samples10.maxnew3072.seed10086.subtreePrefetch.vllm.log,7498,2026-08-09 06:29:50,2511.0,0.0,393.7,4,0,0.2,97.9
dataset-math500.model-qwen.alpha4.0.steps100.blocks-8.prefetch-budget-8.rank-longest_path_first.samples10.maxnew3072.seed10086.subtreePrefetch.vllm.log,7515,2026-08-09 06:30:00,2521.0,0.0,406.7,5,0,0.3,97.9
dataset-math500.model-qwen.alpha4.0.steps100.blocks-8.prefetch-budget-8.rank-longest_path_first.samples10.maxnew3072.seed10086.subtreePrefetch.vllm.log,7534,2026-08-09 06:30:10,2531.0,0.0,390.9,5,0,0.3,97.9
dataset-math500.model-qwen.alpha4.0.steps100.blocks-8.prefetch-budget-8.rank-longest_path_first.samples10.maxnew3072.seed10086.subtreePrefetch.vllm.log,7553,2026-08-09 06:30:20,2541.0,0.0,405.3,4,0,0.2,97.9
dataset-math500.model-qwen.alpha4.0.steps100.blocks-8.prefetch-budget-8.rank-longest_path_first.samples10.maxnew3072.seed10086.subtreePrefetch.vllm.log,7588,2026-08-09 06:30:30,2551.0,0.0,401.3,8,0,0.1,97.9
dataset-math500.model-qwen.alpha4.0.steps100.blocks-8.prefetch-budget-8.rank-longest_path_first.samples10.maxnew3072.seed10086.subtreePrefetch.vllm.log,7607,2026-08-09 06:30:40,2561.0,0.0,554.6,2,0,0.1,97.9
dataset-math500.model-qwen.alpha4.0.steps100.blocks-8.prefetch-budget-8.rank-longest_path_first.samples10.maxnew3072.seed10086.subtreePrefetch.vllm.log,7640,2026-08-09 06:30:50,2571.0,0.0,491.2,6,0,0.2,97.9
dataset-math500.model-qwen.alpha4.0.steps100.blocks-8.prefetch-budget-8.rank-longest_path_first.samples10.maxnew3072.seed10086.subtreePrefetch.vllm.log,7657,2026-08-09 06:31:00,2581.0,0.0,431.9,5,0,0.2,97.9
dataset-math500.model-qwen.alpha4.0.steps100.blocks-8.prefetch-budget-8.rank-longest_path_first.samples10.maxnew3072.seed10086.subtreePrefetch.vllm.log,7676,2026-08-09 06:31:10,2591.0,0.0,529.8,2,0,0.2,97.9
dataset-math500.model-qwen.alpha4.0.steps100.blocks-8.prefetch-budget-8.rank-longest_path_first.samples10.maxnew3072.seed10086.subtreePrefetch.vllm.log,7711,2026-08-09 06:31:20,2601.0,0.0,444.1,1,0,0.1,97.9
dataset-math500.model-qwen.alpha4.0.steps100.blocks-8.prefetch-budget-8.rank-longest_path_first.samples10.maxnew3072.seed10086.subtreePrefetch.vllm.log,7791,2026-08-09 06:31:30,2611.0,0.0,334.8,7,0,0.1,97.8
dataset-math500.model-qwen.alpha4.0.steps100.blocks-8.prefetch-budget-8.rank-longest_path_first.samples10.maxnew3072.seed10086.subtreePrefetch.vllm.log,7826,2026-08-09 06:31:40,2621.0,0.0,377.1,6,0,0.1,97.8
dataset-math500.model-qwen.alpha4.0.steps100.blocks-8.prefetch-budget-8.rank-longest_path_first.samples10.maxnew3072.seed10086.subtreePrefetch.vllm.log,7865,2026-08-09 06:31:50,2631.0,0.0,373.7,7,0,0.1,97.8
dataset-math500.model-qwen.alpha4.0.steps100.blocks-8.prefetch-budget-8.rank-longest_path_first.samples10.maxnew3072.seed10086.subtreePrefetch.vllm.log,7900,2026-08-09 06:32:00,2641.0,0.0,334.0,4,0,0.1,97.8
dataset-math500.model-qwen.alpha4.0.steps100.blocks-8.prefetch-budget-8.rank-longest_path_first.samples10.maxnew3072.seed10086.subtreePrefetch.vllm.log,7955,2026-08-09 06:32:10,2651.0,0.0,406.9,8,0,0.1,97.7
dataset-math500.model-qwen.alpha4.0.steps100.blocks-8.prefetch-budget-8.rank-longest_path_first.samples10.maxnew3072.seed10086.subtreePrefetch.vllm.log,7996,2026-08-09 06:32:20,2661.0,0.0,401.1,6,0,0.1,97.7
dataset-math500.model-qwen.alpha4.0.steps100.blocks-8.prefetch-budget-8.rank-longest_path_first.samples10.maxnew3072.seed10086.subtreePrefetch.vllm.log,8031,2026-08-09 06:32:30,2671.0,0.0,413.2,6,0,0.2,97.6
dataset-math500.model-qwen.alpha4.0.steps100.blocks-8.prefetch-budget-8.rank-longest_path_first.samples10.maxnew3072.seed10086.subtreePrefetch.vllm.log,8068,2026-08-09 06:32:40,2681.0,0.0,374.9,1,0,0.0,97.6
dataset-math500.model-qwen.alpha4.0.steps100.blocks-8.prefetch-budget-8.rank-longest_path_first.samples10.maxnew3072.seed10086.subtreePrefetch.vllm.log,8123,2026-08-09 06:32:50,2691.0,0.0,394.0,8,0,0.2,97.5
dataset-math500.model-qwen.alpha4.0.steps100.blocks-8.prefetch-budget-8.rank-longest_path_first.samples10.maxnew3072.seed10086.subtreePrefetch.vllm.log,8156,2026-08-09 06:33:00,2701.0,0.0,419.9,7,0,0.2,97.5
dataset-math500.model-qwen.alpha4.0.steps100.blocks-8.prefetch-budget-8.rank-longest_path_first.samples10.maxnew3072.seed10086.subtreePrefetch.vllm.log,8195,2026-08-09 06:33:10,2711.0,0.0,394.4,5,0,0.1,97.4
dataset-math500.model-qwen.alpha4.0.steps100.blocks-8.prefetch-budget-8.rank-longest_path_first.samples10.maxnew3072.seed10086.subtreePrefetch.vllm.log,8226,2026-08-09 06:33:20,2721.0,0.0,365.8,4,0,0.1,97.3
dataset-math500.model-qwen.alpha4.0.steps100.blocks-8.prefetch-budget-8.rank-longest_path_first.samples10.maxnew3072.seed10086.subtreePrefetch.vllm.log,8263,2026-08-09 06:33:30,2731.0,0.0,410.4,6,0,0.1,97.3
dataset-math500.model-qwen.alpha4.0.steps100.blocks-8.prefetch-budget-8.rank-longest_path_first.samples10.maxnew3072.seed10086.subtreePrefetch.vllm.log,8294,2026-08-09 06:33:40,2741.0,0.0,469.2,4,0,0.2,97.2
dataset-math500.model-qwen.alpha4.0.steps100.blocks-8.prefetch-budget-8.rank-longest_path_first.samples10.maxnew3072.seed10086.subtreePrefetch.vllm.log,8355,2026-08-09 06:33:50,2751.0,0.0,295.7,8,0,0.1,97.1
dataset-math500.model-qwen.alpha4.0.steps100.blocks-8.prefetch-budget-8.rank-longest_path_first.samples10.maxnew3072.seed10086.subtreePrefetch.vllm.log,8388,2026-08-09 06:34:00,2761.0,0.0,374.3,8,0,0.1,97.0
dataset-math500.model-qwen.alpha4.0.steps100.blocks-8.prefetch-budget-8.rank-longest_path_first.samples10.maxnew3072.seed10086.subtreePrefetch.vllm.log,8403,2026-08-09 06:34:10,2771.0,0.0,461.8,3,0,0.1,97.0
dataset-math500.model-qwen.alpha4.0.steps100.blocks-8.prefetch-budget-8.rank-longest_path_first.samples10.maxnew3072.seed10086.subtreePrefetch.vllm.log,8439,2026-08-09 06:34:20,2781.0,0.0,213.9,6,0,0.1,97.0
dataset-math500.model-qwen.alpha4.0.steps100.blocks-8.prefetch-budget-8.rank-longest_path_first.samples10.maxnew3072.seed10086.subtreePrefetch.vllm.log,8452,2026-08-09 06:34:30,2791.0,0.0,426.2,6,0,0.2,96.9
dataset-math500.model-qwen.alpha4.0.steps100.blocks-8.prefetch-budget-8.rank-longest_path_first.samples10.maxnew3072.seed10086.subtreePrefetch.vllm.log,8473,2026-08-09 06:34:40,2801.0,0.0,447.7,4,0,0.2,97.0
dataset-math500.model-qwen.alpha4.0.steps100.blocks-8.prefetch-budget-8.rank-longest_path_first.samples10.maxnew3072.seed10086.subtreePrefetch.vllm.log,8494,2026-08-09 06:34:50,2811.0,0.0,344.1,3,0,0.2,97.0
dataset-math500.model-qwen.alpha4.0.steps100.blocks-8.prefetch-budget-8.rank-longest_path_first.samples10.maxnew3072.seed10086.subtreePrefetch.vllm.log,8515,2026-08-09 06:35:00,2821.0,0.0,375.1,1,0,0.1,97.0
dataset-math500.model-qwen.alpha4.0.steps100.blocks-8.prefetch-budget-8.rank-longest_path_first.samples10.maxnew3072.seed10086.subtreePrefetch.vllm.log,8548,2026-08-09 06:35:10,2831.0,0.0,368.8,8,0,0.1,97.0
dataset-math500.model-qwen.alpha4.0.steps100.blocks-8.prefetch-budget-8.rank-longest_path_first.samples10.maxnew3072.seed10086.subtreePrefetch.vllm.log,8567,2026-08-09 06:35:20,2841.0,0.0,427.1,8,0,0.1,97.0
dataset-math500.model-qwen.alpha4.0.steps100.blocks-8.prefetch-budget-8.rank-longest_path_first.samples10.maxnew3072.seed10086.subtreePrefetch.vllm.log,8580,2026-08-09 06:35:30,2851.0,0.0,470.2,8,0,0.2,97.0
dataset-math500.model-qwen.alpha4.0.steps100.blocks-8.prefetch-budget-8.rank-longest_path_first.samples10.maxnew3072.seed10086.subtreePrefetch.vllm.log,8595,2026-08-09 06:35:40,2861.0,0.0,586.3,3,0,0.2,97.0
dataset-math500.model-qwen.alpha4.0.steps100.blocks-8.prefetch-budget-8.rank-longest_path_first.samples10.maxnew3072.seed10086.subtreePrefetch.vllm.log,8614,2026-08-09 06:35:50,2871.0,0.0,341.2,2,0,0.1,97.0
dataset-math500.model-qwen.alpha4.0.steps100.blocks-8.prefetch-budget-8.rank-longest_path_first.samples10.maxnew3072.seed10086.subtreePrefetch.vllm.log,8651,2026-08-09 06:36:00,2881.0,0.0,454.0,8,0,0.1,97.1
dataset-math500.model-qwen.alpha4.0.steps100.blocks-8.prefetch-budget-8.rank-longest_path_first.samples10.maxnew3072.seed10086.subtreePrefetch.vllm.log,8672,2026-08-09 06:36:10,2891.0,0.0,457.5,8,0,0.1,97.1
dataset-math500.model-qwen.alpha4.0.steps100.blocks-8.prefetch-budget-8.rank-longest_path_first.samples10.maxnew3072.seed10086.subtreePrefetch.vllm.log,8691,2026-08-09 06:36:20,2901.0,0.0,499.8,7,0,0.1,97.1
dataset-math500.model-qwen.alpha4.0.steps100.blocks-8.prefetch-budget-8.rank-longest_path_first.samples10.maxnew3072.seed10086.subtreePrefetch.vllm.log,8708,2026-08-09 06:36:30,2911.0,0.0,396.6,8,0,0.2,97.1
dataset-math500.model-qwen.alpha4.0.steps100.blocks-8.prefetch-budget-8.rank-longest_path_first.samples10.maxnew3072.seed10086.subtreePrefetch.vllm.log,8723,2026-08-09 06:36:40,2921.0,0.0,536.0,3,0,0.2,97.1
dataset-math500.model-qwen.alpha4.0.steps100.blocks-8.prefetch-budget-8.rank-longest_path_first.samples10.maxnew3072.seed10086.subtreePrefetch.vllm.log,8742,2026-08-09 06:36:50,2931.0,0.0,280.1,2,0,0.1,97.1
dataset-math500.model-qwen.alpha4.0.steps100.blocks-8.prefetch-budget-8.rank-longest_path_first.samples10.maxnew3072.seed10086.subtreePrefetch.vllm.log,8761,2026-08-09 06:37:00,2941.0,0.0,364.9,4,0,0.3,97.1
dataset-math500.model-qwen.alpha4.0.steps100.blocks-8.prefetch-budget-8.rank-longest_path_first.samples10.maxnew3072.seed10086.subtreePrefetch.vllm.log,8778,2026-08-09 06:37:10,2951.0,0.0,365.5,3,0,0.2,97.2
dataset-math500.model-qwen.alpha4.0.steps100.blocks-8.prefetch-budget-8.rank-longest_path_first.samples10.maxnew3072.seed10086.subtreePrefetch.vllm.log,8795,2026-08-09 06:37:20,2961.0,0.0,419.9,4,0,0.2,97.2
dataset-math500.model-qwen.alpha4.0.steps100.blocks-8.prefetch-budget-8.rank-longest_path_first.samples10.maxnew3072.seed10086.subtreePrefetch.vllm.log,8814,2026-08-09 06:37:30,2971.0,0.0,411.3,5,0,0.3,97.2
dataset-math500.model-qwen.alpha4.0.steps100.blocks-8.prefetch-budget-8.rank-longest_path_first.samples10.maxnew3072.seed10086.subtreePrefetch.vllm.log,8833,2026-08-09 06:37:40,2981.0,0.0,435.5,5,0,0.3,97.2
dataset-math500.model-qwen.alpha4.0.steps100.blocks-8.prefetch-budget-8.rank-longest_path_first.samples10.maxnew3072.seed10086.subtreePrefetch.vllm.log,8850,2026-08-09 06:37:50,2991.0,0.0,453.6,7,0,0.4,97.2
dataset-math500.model-qwen.alpha4.0.steps100.blocks-8.prefetch-budget-8.rank-longest_path_first.samples10.maxnew3072.seed10086.subtreePrefetch.vllm.log,8885,2026-08-09 06:38:00,3001.0,0.0,513.0,8,0,0.1,97.2
dataset-math500.model-qwen.alpha4.0.steps100.blocks-8.prefetch-budget-8.rank-longest_path_first.samples10.maxnew3072.seed10086.subtreePrefetch.vllm.log,8906,2026-08-09 06:38:10,3011.0,0.0,462.5,6,0,0.2,97.2
dataset-math500.model-qwen.alpha4.0.steps100.blocks-8.prefetch-budget-8.rank-longest_path_first.samples10.maxnew3072.seed10086.subtreePrefetch.vllm.log,8927,2026-08-09 06:38:20,3021.0,0.0,389.7,7,0,0.3,97.2
dataset-math500.model-qwen.alpha4.0.steps100.blocks-8.prefetch-budget-8.rank-longest_path_first.samples10.maxnew3072.seed10086.subtreePrefetch.vllm.log,8946,2026-08-09 06:38:30,3031.0,0.0,450.5,2,0,0.1,97.3
dataset-math500.model-qwen.alpha4.0.steps100.blocks-8.prefetch-budget-8.rank-longest_path_first.samples10.maxnew3072.seed10086.subtreePrefetch.vllm.log,8985,2026-08-09 06:38:40,3041.0,0.0,505.0,7,0,0.1,97.3
dataset-math500.model-qwen.alpha4.0.steps100.blocks-8.prefetch-budget-8.rank-longest_path_first.samples10.maxnew3072.seed10086.subtreePrefetch.vllm.log,9004,2026-08-09 06:38:50,3051.0,0.0,376.8,8,0,0.1,97.3
dataset-math500.model-qwen.alpha4.0.steps100.blocks-8.prefetch-budget-8.rank-longest_path_first.samples10.maxnew3072.seed10086.subtreePrefetch.vllm.log,9019,2026-08-09 06:39:00,3061.0,0.0,413.5,8,0,0.1,97.3
dataset-math500.model-qwen.alpha4.0.steps100.blocks-8.prefetch-budget-8.rank-longest_path_first.samples10.maxnew3072.seed10086.subtreePrefetch.vllm.log,9020,2026-08-09 06:39:10,3071.0,0.0,444.6,2,0,0.2,97.3
dataset-math500.model-qwen.alpha4.0.steps100.blocks-8.prefetch-budget-8.rank-longest_path_first.samples10.maxnew3072.seed10086.subtreePrefetch.vllm.log,9041,2026-08-09 06:39:20,3081.0,0.0,338.4,2,0,0.2,97.4
dataset-math500.model-qwen.alpha4.0.steps100.blocks-8.prefetch-budget-8.rank-longest_path_first.samples10.maxnew3072.seed10086.subtreePrefetch.vllm.log,9074,2026-08-09 06:39:30,3091.0,0.0,323.3,5,0,0.1,97.4
dataset-math500.model-qwen.alpha4.0.steps100.blocks-8.prefetch-budget-8.rank-longest_path_first.samples10.maxnew3072.seed10086.subtreePrefetch.vllm.log,9090,2026-08-09 06:39:40,3101.0,0.0,209.1,8,0,0.1,97.4
dataset-math500.model-qwen.alpha4.0.steps100.blocks-8.prefetch-budget-8.rank-longest_path_first.samples10.maxnew3072.seed10086.subtreePrefetch.vllm.log,9091,2026-08-09 06:39:50,3111.0,0.0,346.0,3,0,0.3,97.4
dataset-math500.model-qwen.alpha4.0.steps100.blocks-8.prefetch-budget-8.rank-longest_path_first.samples10.maxnew3072.seed10086.subtreePrefetch.vllm.log,9112,2026-08-09 06:40:00,3121.0,0.0,390.1,4,0,0.3,97.4
dataset-math500.model-qwen.alpha4.0.steps100.blocks-8.prefetch-budget-8.rank-longest_path_first.samples10.maxnew3072.seed10086.subtreePrefetch.vllm.log,9131,2026-08-09 06:40:10,3131.0,0.0,257.7,8,0,0.2,97.4
dataset-math500.model-qwen.alpha4.0.steps100.blocks-8.prefetch-budget-8.rank-longest_path_first.samples10.maxnew3072.seed10086.subtreePrefetch.vllm.log,9132,2026-08-09 06:40:20,3141.0,0.0,455.4,5,0,0.4,97.4
dataset-math500.model-qwen.alpha4.0.steps100.blocks-8.prefetch-budget-8.rank-longest_path_first.samples10.maxnew3072.seed10086.subtreePrefetch.vllm.log,9151,2026-08-09 06:40:30,3151.0,0.0,687.6,6,0,0.5,97.4
dataset-math500.model-qwen.alpha4.0.steps100.blocks-8.prefetch-budget-8.rank-longest_path_first.samples10.maxnew3072.seed10086.subtreePrefetch.vllm.log,9168,2026-08-09 06:40:40,3161.0,0.0,413.8,5,0,0.3,97.5
dataset-math500.model-qwen.alpha4.0.steps100.blocks-8.prefetch-budget-8.rank-longest_path_first.samples10.maxnew3072.seed10086.subtreePrefetch.vllm.log,9187,2026-08-09 06:40:50,3171.0,0.0,305.4,8,0,0.3,97.5
dataset-math500.model-qwen.alpha4.0.steps100.blocks-8.prefetch-budget-8.rank-longest_path_first.samples10.maxnew3072.seed10086.subtreePrefetch.vllm.log,9188,2026-08-09 06:41:00,3181.0,0.0,384.9,4,0,0.4,97.5
dataset-math500.model-qwen.alpha4.0.steps100.blocks-8.prefetch-budget-8.rank-longest_path_first.samples10.maxnew3072.seed10086.subtreePrefetch.vllm.log,9209,2026-08-09 06:41:10,3191.0,0.0,362.9,5,0,0.3,97.5
dataset-math500.model-qwen.alpha4.0.steps100.blocks-8.prefetch-budget-8.rank-longest_path_first.samples10.maxnew3072.seed10086.subtreePrefetch.vllm.log,9230,2026-08-09 06:41:20,3201.0,0.0,374.2,6,0,0.2,97.5
dataset-math500.model-qwen.alpha4.0.steps100.blocks-8.prefetch-budget-8.rank-longest_path_first.samples10.maxnew3072.seed10086.subtreePrefetch.vllm.log,9249,2026-08-09 06:41:30,3211.0,0.0,595.9,5,0,0.3,97.5
dataset-math500.model-qwen.alpha4.0.steps100.blocks-8.prefetch-budget-8.rank-longest_path_first.samples10.maxnew3072.seed10086.subtreePrefetch.vllm.log,9268,2026-08-09 06:41:40,3221.0,0.0,515.6,8,0,0.4,97.6
dataset-math500.model-qwen.alpha4.0.steps100.blocks-8.prefetch-budget-8.rank-longest_path_first.samples10.maxnew3072.seed10086.subtreePrefetch.vllm.log,9289,2026-08-09 06:41:50,3231.0,0.0,538.3,8,0,0.2,97.6
dataset-math500.model-qwen.alpha4.0.steps100.blocks-8.prefetch-budget-8.rank-longest_path_first.samples10.maxnew3072.seed10086.subtreePrefetch.vllm.log,9290,2026-08-09 06:42:00,3241.0,0.0,455.7,2,0,0.2,97.6
dataset-math500.model-qwen.alpha4.0.steps100.blocks-8.prefetch-budget-8.rank-longest_path_first.samples10.maxnew3072.seed10086.subtreePrefetch.vllm.log,9309,2026-08-09 06:42:10,3251.0,0.0,504.4,7,0,0.5,97.6
dataset-math500.model-qwen.alpha4.0.steps100.blocks-8.prefetch-budget-8.rank-longest_path_first.samples10.maxnew3072.seed10086.subtreePrefetch.vllm.log,9328,2026-08-09 06:42:20,3261.0,0.0,517.7,6,0,0.3,97.6
dataset-math500.model-qwen.alpha4.0.steps100.blocks-8.prefetch-budget-8.rank-longest_path_first.samples10.maxnew3072.seed10086.subtreePrefetch.vllm.log,9349,2026-08-09 06:42:30,3271.0,0.0,337.6,8,0,0.2,97.6
dataset-math500.model-qwen.alpha4.0.steps100.blocks-8.prefetch-budget-8.rank-longest_path_first.samples10.maxnew3072.seed10086.subtreePrefetch.vllm.log,9350,2026-08-09 06:42:40,3281.0,0.0,507.4,7,0,0.6,97.6
dataset-math500.model-qwen.alpha4.0.steps100.blocks-8.prefetch-budget-8.rank-longest_path_first.samples10.maxnew3072.seed10086.subtreePrefetch.vllm.log,9367,2026-08-09 06:42:50,3291.0,0.0,397.3,6,0,0.3,97.6
dataset-math500.model-qwen.alpha4.0.steps100.blocks-8.prefetch-budget-8.rank-longest_path_first.samples10.maxnew3072.seed10086.subtreePrefetch.vllm.log,9386,2026-08-09 06:43:00,3301.0,0.0,545.7,7,0,0.4,97.6
dataset-math500.model-qwen.alpha4.0.steps100.blocks-8.prefetch-budget-8.rank-longest_path_first.samples10.maxnew3072.seed10086.subtreePrefetch.vllm.log,9403,2026-08-09 06:43:10,3311.0,0.0,539.2,3,0,0.2,97.7
dataset-math500.model-qwen.alpha4.0.steps100.blocks-8.prefetch-budget-8.rank-longest_path_first.samples10.maxnew3072.seed10086.subtreePrefetch.vllm.log,9422,2026-08-09 06:43:20,3321.0,0.0,581.1,2,0,0.2,97.7
dataset-math500.model-qwen.alpha4.0.steps100.blocks-8.prefetch-budget-8.rank-longest_path_first.samples10.maxnew3072.seed10086.subtreePrefetch.vllm.log,9443,2026-08-09 06:43:30,3331.0,0.0,496.5,1,0,0.1,97.7
dataset-math500.model-qwen.alpha4.0.steps100.blocks-8.prefetch-budget-8.rank-longest_path_first.samples10.maxnew3072.seed10086.subtreePrefetch.vllm.log,9464,2026-08-09 06:43:40,3341.0,0.0,583.0,3,0,0.3,97.7
dataset-math500.model-qwen.alpha4.0.steps100.blocks-8.prefetch-budget-8.rank-longest_path_first.samples10.maxnew3072.seed10086.subtreePrefetch.vllm.log,9481,2026-08-09 06:43:50,3351.0,0.0,438.5,5,0,0.4,97.7
dataset-math500.model-qwen.alpha4.0.steps100.blocks-8.prefetch-budget-8.rank-longest_path_first.samples10.maxnew3072.seed10086.subtreePrefetch.vllm.log,9498,2026-08-09 06:44:00,3361.0,0.0,464.0,6,0,0.4,97.8
dataset-math500.model-qwen.alpha4.0.steps100.blocks-8.prefetch-budget-8.rank-longest_path_first.samples10.maxnew3072.seed10086.subtreePrefetch.vllm.log,9519,2026-08-09 06:44:10,3371.0,0.0,475.5,7,0,0.3,97.8
dataset-math500.model-qwen.alpha4.0.steps100.blocks-8.prefetch-budget-8.rank-longest_path_first.samples10.maxnew3072.seed10086.subtreePrefetch.vllm.log,9540,2026-08-09 06:44:20,3381.0,0.0,482.4,8,0,0.1,97.8
dataset-math500.model-qwen.alpha4.0.steps100.blocks-8.prefetch-budget-8.rank-longest_path_first.samples10.maxnew3072.seed10086.subtreePrefetch.vllm.log,9541,2026-08-09 06:44:30,3391.0,0.0,504.2,6,0,0.5,97.8
dataset-math500.model-qwen.alpha4.0.steps100.blocks-8.prefetch-budget-8.rank-longest_path_first.samples10.maxnew3072.seed10086.subtreePrefetch.vllm.log,9560,2026-08-09 06:44:40,3401.0,0.0,533.2,2,0,0.2,97.8
dataset-math500.model-qwen.alpha4.0.steps100.blocks-8.prefetch-budget-8.rank-longest_path_first.samples10.maxnew3072.seed10086.subtreePrefetch.vllm.log,9575,2026-08-09 06:44:50,3411.0,0.0,320.1,3,0,0.2,97.8
dataset-math500.model-qwen.alpha4.0.steps100.blocks-8.prefetch-budget-8.rank-longest_path_first.samples10.maxnew3072.seed10086.subtreePrefetch.vllm.log,9626,2026-08-09 06:45:00,3421.0,0.0,171.7,8,0,0.1,97.8
dataset-math500.model-qwen.alpha4.0.steps100.blocks-8.prefetch-budget-8.rank-longest_path_first.samples10.maxnew3072.seed10086.subtreePrefetch.vllm.log,9663,2026-08-09 06:45:10,3431.0,0.0,473.7,8,0,0.1,97.8
dataset-math500.model-qwen.alpha4.0.steps100.blocks-8.prefetch-budget-8.rank-longest_path_first.samples10.maxnew3072.seed10086.subtreePrefetch.vllm.log,9698,2026-08-09 06:45:20,3441.0,0.0,440.1,2,0,0.1,97.8
dataset-math500.model-qwen.alpha4.0.steps100.blocks-8.prefetch-budget-8.rank-longest_path_first.samples10.maxnew3072.seed10086.subtreePrefetch.vllm.log,9759,2026-08-09 06:45:30,3451.0,0.0,450.1,4,0,0.1,97.8
dataset-math500.model-qwen.alpha4.0.steps100.blocks-8.prefetch-budget-8.rank-longest_path_first.samples10.maxnew3072.seed10086.subtreePrefetch.vllm.log,9796,2026-08-09 06:45:40,3461.0,0.0,342.4,8,0,0.1,97.8
dataset-math500.model-qwen.alpha4.0.steps100.blocks-8.prefetch-budget-8.rank-longest_path_first.samples10.maxnew3072.seed10086.subtreePrefetch.vllm.log,9831,2026-08-09 06:45:50,3471.0,0.0,425.8,8,0,0.1,97.8
dataset-math500.model-qwen.alpha4.0.steps100.blocks-8.prefetch-budget-8.rank-longest_path_first.samples10.maxnew3072.seed10086.subtreePrefetch.vllm.log,9866,2026-08-09 06:46:00,3481.0,0.0,449.9,7,0,0.1,97.7
dataset-math500.model-qwen.alpha4.0.steps100.blocks-8.prefetch-budget-8.rank-longest_path_first.samples10.maxnew3072.seed10086.subtreePrefetch.vllm.log,9901,2026-08-09 06:46:10,3491.0,0.0,416.5,7,0,0.1,97.7
dataset-math500.model-qwen.alpha4.0.steps100.blocks-8.prefetch-budget-8.rank-longest_path_first.samples10.maxnew3072.seed10086.subtreePrefetch.vllm.log,9930,2026-08-09 06:46:20,3501.0,0.0,447.2,6,0,0.1,97.7
dataset-math500.model-qwen.alpha4.0.steps100.blocks-8.prefetch-budget-8.rank-longest_path_first.samples10.maxnew3072.seed10086.subtreePrefetch.vllm.log,9983,2026-08-09 06:46:30,3511.0,0.0,483.5,6,0,0.1,97.7
dataset-math500.model-qwen.alpha4.0.steps100.blocks-8.prefetch-budget-8.rank-longest_path_first.samples10.maxnew3072.seed10086.subtreePrefetch.vllm.log,10016,2026-08-09 06:46:40,3521.0,0.0,464.7,7,0,0.1,97.7
dataset-math500.model-qwen.alpha4.0.steps100.blocks-8.prefetch-budget-8.rank-longest_path_first.samples10.maxnew3072.seed10086.subtreePrefetch.vllm.log,10049,2026-08-09 06:46:50,3531.0,0.0,429.9,4,0,0.1,97.7
dataset-math500.model-qwen.alpha4.0.steps100.blocks-8.prefetch-budget-8.rank-longest_path_first.samples10.maxnew3072.seed10086.subtreePrefetch.vllm.log,10092,2026-08-09 06:47:00,3541.0,0.0,388.3,8,0,0.1,97.6
dataset-math500.model-qwen.alpha4.0.steps100.blocks-8.prefetch-budget-8.rank-longest_path_first.samples10.maxnew3072.seed10086.subtreePrefetch.vllm.log,10121,2026-08-09 06:47:10,3551.0,0.0,359.2,6,0,0.1,97.6
dataset-math500.model-qwen.alpha4.0.steps100.blocks-8.prefetch-budget-8.rank-longest_path_first.samples10.maxnew3072.seed10086.subtreePrefetch.vllm.log,10147,2026-08-09 06:47:20,3561.0,0.0,314.8,6,0,0.2,97.6
dataset-math500.model-qwen.alpha4.0.steps100.blocks-8.prefetch-budget-8.rank-longest_path_first.samples10.maxnew3072.seed10086.subtreePrefetch.vllm.log,10162,2026-08-09 06:47:30,3571.0,0.0,552.8,4,0,0.3,97.6
dataset-math500.model-qwen.alpha4.0.steps100.blocks-8.prefetch-budget-8.rank-longest_path_first.samples10.maxnew3072.seed10086.subtreePrefetch.vllm.log,10201,2026-08-09 06:47:40,3581.0,0.0,391.3,8,0,0.2,97.7
dataset-math500.model-qwen.alpha4.0.steps100.blocks-8.prefetch-budget-8.rank-longest_path_first.samples10.maxnew3072.seed10086.subtreePrefetch.vllm.log,10218,2026-08-09 06:47:50,3591.0,0.0,404.2,6,0,0.1,97.7
dataset-math500.model-qwen.alpha4.0.steps100.blocks-8.prefetch-budget-8.rank-longest_path_first.samples10.maxnew3072.seed10086.subtreePrefetch.vllm.log,10239,2026-08-09 06:48:00,3601.0,0.0,438.1,5,0,0.2,97.7
dataset-math500.model-qwen.alpha4.0.steps100.blocks-8.prefetch-budget-8.rank-longest_path_first.samples10.maxnew3072.seed10086.subtreePrefetch.vllm.log,10254,2026-08-09 06:48:10,3611.0,0.0,450.9,5,0,0.3,97.7
dataset-math500.model-qwen.alpha4.0.steps100.blocks-8.prefetch-budget-8.rank-longest_path_first.samples10.maxnew3072.seed10086.subtreePrefetch.vllm.log,10271,2026-08-09 06:48:20,3621.0,0.0,375.7,5,0,0.2,97.7
dataset-math500.model-qwen.alpha4.0.steps100.blocks-8.prefetch-budget-8.rank-longest_path_first.samples10.maxnew3072.seed10086.subtreePrefetch.vllm.log,10286,2026-08-09 06:48:30,3631.0,0.0,403.8,7,0,0.3,97.7
dataset-math500.model-qwen.alpha4.0.steps100.blocks-8.prefetch-budget-8.rank-longest_path_first.samples10.maxnew3072.seed10086.subtreePrefetch.vllm.log,10301,2026-08-09 06:48:40,3641.0,0.0,480.1,2,0,0.1,97.7
dataset-math500.model-qwen.alpha4.0.steps100.blocks-8.prefetch-budget-8.rank-longest_path_first.samples10.maxnew3072.seed10086.subtreePrefetch.vllm.log,10320,2026-08-09 06:48:50,3651.0,0.0,426.7,5,0,0.3,97.7
dataset-math500.model-qwen.alpha4.0.steps100.blocks-8.prefetch-budget-8.rank-longest_path_first.samples10.maxnew3072.seed10086.subtreePrefetch.vllm.log,10359,2026-08-09 06:49:00,3661.0,0.0,486.5,7,0,0.2,97.7
dataset-math500.model-qwen.alpha4.0.steps100.blocks-8.prefetch-budget-8.rank-longest_path_first.samples10.maxnew3072.seed10086.subtreePrefetch.vllm.log,10378,2026-08-09 06:49:10,3671.0,0.0,426.5,4,0,0.2,97.7
dataset-math500.model-qwen.alpha4.0.steps100.blocks-8.prefetch-budget-8.rank-longest_path_first.samples10.maxnew3072.seed10086.subtreePrefetch.vllm.log,10399,2026-08-09 06:49:20,3681.0,0.0,431.4,6,0,0.3,97.7
dataset-math500.model-qwen.alpha4.0.steps100.blocks-8.prefetch-budget-8.rank-longest_path_first.samples10.maxnew3072.seed10086.subtreePrefetch.vllm.log,10414,2026-08-09 06:49:30,3691.0,0.0,387.5,6,0,0.3,97.7
dataset-math500.model-qwen.alpha4.0.steps100.blocks-8.prefetch-budget-8.rank-longest_path_first.samples10.maxnew3072.seed10086.subtreePrefetch.vllm.log,10433,2026-08-09 06:49:40,3701.0,0.0,418.3,3,0,0.2,97.7
dataset-math500.model-qwen.alpha4.0.steps100.blocks-8.prefetch-budget-8.rank-longest_path_first.samples10.maxnew3072.seed10086.subtreePrefetch.vllm.log,10454,2026-08-09 06:49:50,3711.0,0.0,443.1,5,0,0.3,97.7
dataset-math500.model-qwen.alpha4.0.steps100.blocks-8.prefetch-budget-8.rank-longest_path_first.samples10.maxnew3072.seed10086.subtreePrefetch.vllm.log,10493,2026-08-09 06:50:00,3721.0,0.0,484.1,6,0,0.2,97.8
dataset-math500.model-qwen.alpha4.0.steps100.blocks-8.prefetch-budget-8.rank-longest_path_first.samples10.maxnew3072.seed10086.subtreePrefetch.vllm.log,10514,2026-08-09 06:50:10,3731.0,0.0,347.1,6,0,0.2,97.8
dataset-math500.model-qwen.alpha4.0.steps100.blocks-8.prefetch-budget-8.rank-longest_path_first.samples10.maxnew3072.seed10086.subtreePrefetch.vllm.log,10531,2026-08-09 06:50:20,3741.0,0.0,416.0,6,0,0.3,97.8
dataset-math500.model-qwen.alpha4.0.steps100.blocks-8.prefetch-budget-8.rank-longest_path_first.samples10.maxnew3072.seed10086.subtreePrefetch.vllm.log,10552,2026-08-09 06:50:30,3751.0,0.0,407.6,5,0,0.3,97.8
dataset-math500.model-qwen.alpha4.0.steps100.blocks-8.prefetch-budget-8.rank-longest_path_first.samples10.maxnew3072.seed10086.subtreePrefetch.vllm.log,10571,2026-08-09 06:50:40,3761.0,0.0,348.8,5,0,0.3,97.8
dataset-math500.model-qwen.alpha4.0.steps100.blocks-8.prefetch-budget-8.rank-longest_path_first.samples10.maxnew3072.seed10086.subtreePrefetch.vllm.log,10590,2026-08-09 06:50:50,3771.0,0.0,401.1,4,0,0.2,97.8
dataset-math500.model-qwen.alpha4.0.steps100.blocks-8.prefetch-budget-8.rank-longest_path_first.samples10.maxnew3072.seed10086.subtreePrefetch.vllm.log,10611,2026-08-09 06:51:00,3781.0,0.0,401.5,5,0,0.3,97.8
dataset-math500.model-qwen.alpha4.0.steps100.blocks-8.prefetch-budget-8.rank-longest_path_first.samples10.maxnew3072.seed10086.subtreePrefetch.vllm.log,10628,2026-08-09 06:51:10,3791.0,0.0,363.5,4,0,0.2,97.8
dataset-math500.model-qwen.alpha4.0.steps100.blocks-8.prefetch-budget-8.rank-longest_path_first.samples10.maxnew3072.seed10086.subtreePrefetch.vllm.log,10645,2026-08-09 06:51:20,3801.0,0.0,355.0,2,0,0.1,97.8
dataset-math500.model-qwen.alpha4.0.steps100.blocks-8.prefetch-budget-8.rank-longest_path_first.samples10.maxnew3072.seed10086.subtreePrefetch.vllm.log,10680,2026-08-09 06:51:30,3811.0,0.0,530.1,8,0,0.1,97.8
dataset-math500.model-qwen.alpha4.0.steps100.blocks-8.prefetch-budget-8.rank-longest_path_first.samples10.maxnew3072.seed10086.subtreePrefetch.vllm.log,10701,2026-08-09 06:51:40,3821.0,0.0,329.8,2,0,0.1,97.8
dataset-math500.model-qwen.alpha4.0.steps100.blocks-8.prefetch-budget-8.rank-longest_path_first.samples10.maxnew3072.seed10086.subtreePrefetch.vllm.log,10792,2026-08-09 06:51:50,3831.0,0.0,304.0,6,0,0.1,97.8
dataset-math500.model-qwen.alpha4.0.steps100.blocks-8.prefetch-budget-8.rank-longest_path_first.samples10.maxnew3072.seed10086.subtreePrefetch.vllm.log,10829,2026-08-09 06:52:00,3841.0,0.0,426.3,8,0,0.1,97.8
dataset-math500.model-qwen.alpha4.0.steps100.blocks-8.prefetch-budget-8.rank-longest_path_first.samples10.maxnew3072.seed10086.subtreePrefetch.vllm.log,10868,2026-08-09 06:52:10,3851.0,0.0,508.1,6,0,0.2,97.8
dataset-math500.model-qwen.alpha4.0.steps100.blocks-8.prefetch-budget-8.rank-longest_path_first.samples10.maxnew3072.seed10086.subtreePrefetch.vllm.log,10921,2026-08-09 06:52:20,3861.0,0.0,464.0,7,0,0.1,97.7
dataset-math500.model-qwen.alpha4.0.steps100.blocks-8.prefetch-budget-8.rank-longest_path_first.samples10.maxnew3072.seed10086.subtreePrefetch.vllm.log,10954,2026-08-09 06:52:30,3871.0,0.0,460.2,1,0,0.1,97.7
dataset-math500.model-qwen.alpha4.0.steps100.blocks-8.prefetch-budget-8.rank-longest_path_first.samples10.maxnew3072.seed10086.subtreePrefetch.vllm.log,10989,2026-08-09 06:52:40,3881.0,0.0,446.6,2,0,0.1,97.7
dataset-math500.model-qwen.alpha4.0.steps100.blocks-8.prefetch-budget-8.rank-longest_path_first.samples10.maxnew3072.seed10086.subtreePrefetch.vllm.log,11036,2026-08-09 06:52:50,3891.0,0.0,435.0,8,0,0.1,97.7
dataset-math500.model-qwen.alpha4.0.steps100.blocks-8.prefetch-budget-8.rank-longest_path_first.samples10.maxnew3072.seed10086.subtreePrefetch.vllm.log,11075,2026-08-09 06:53:00,3901.0,0.0,391.6,7,0,0.2,97.7
dataset-math500.model-qwen.alpha4.0.steps100.blocks-8.prefetch-budget-8.rank-longest_path_first.samples10.maxnew3072.seed10086.subtreePrefetch.vllm.log,11112,2026-08-09 06:53:10,3911.0,0.0,448.0,6,0,0.2,97.7
dataset-math500.model-qwen.alpha4.0.steps100.blocks-8.prefetch-budget-8.rank-longest_path_first.samples10.maxnew3072.seed10086.subtreePrefetch.vllm.log,11147,2026-08-09 06:53:20,3921.0,0.0,374.6,1,0,0.1,97.7
dataset-math500.model-qwen.alpha4.0.steps100.blocks-8.prefetch-budget-8.rank-longest_path_first.samples10.maxnew3072.seed10086.subtreePrefetch.vllm.log,11184,2026-08-09 06:53:30,3931.0,0.0,392.0,3,0,0.1,97.7
dataset-math500.model-qwen.alpha4.0.steps100.blocks-8.prefetch-budget-8.rank-longest_path_first.samples10.maxnew3072.seed10086.subtreePrefetch.vllm.log,11219,2026-08-09 06:53:40,3941.0,0.0,398.2,7,0,0.2,97.7
dataset-math500.model-qwen.alpha4.0.steps100.blocks-8.prefetch-budget-8.rank-longest_path_first.samples10.maxnew3072.seed10086.subtreePrefetch.vllm.log,11254,2026-08-09 06:53:50,3951.0,0.0,480.8,2,0,0.1,97.7
dataset-math500.model-qwen.alpha4.0.steps100.blocks-8.prefetch-budget-8.rank-longest_path_first.samples10.maxnew3072.seed10086.subtreePrefetch.vllm.log,11295,2026-08-09 06:54:00,3961.0,0.0,439.9,5,0,0.2,97.7
dataset-math500.model-qwen.alpha4.0.steps100.blocks-8.prefetch-budget-8.rank-longest_path_first.samples10.maxnew3072.seed10086.subtreePrefetch.vllm.log,11342,2026-08-09 06:54:10,3971.0,0.0,419.3,8,0,0.1,97.7
dataset-math500.model-qwen.alpha4.0.steps100.blocks-8.prefetch-budget-8.rank-longest_path_first.samples10.maxnew3072.seed10086.subtreePrefetch.vllm.log,11376,2026-08-09 06:54:20,3981.0,0.0,371.4,8,0,0.1,97.7
dataset-math500.model-qwen.alpha4.0.steps100.blocks-8.prefetch-budget-8.rank-longest_path_first.samples10.maxnew3072.seed10086.subtreePrefetch.vllm.log,11395,2026-08-09 06:54:30,3991.0,0.0,515.8,8,0,0.2,97.7
dataset-math500.model-qwen.alpha4.0.steps100.blocks-8.prefetch-budget-8.rank-longest_path_first.samples10.maxnew3072.seed10086.subtreePrefetch.vllm.log,11414,2026-08-09 06:54:40,4001.0,0.0,467.5,7,0,0.2,97.7
dataset-math500.model-qwen.alpha4.0.steps100.blocks-8.prefetch-budget-8.rank-longest_path_first.samples10.maxnew3072.seed10086.subtreePrefetch.vllm.log,11431,2026-08-09 06:54:50,4011.0,0.0,521.9,1,0,0.1,97.7
dataset-math500.model-qwen.alpha4.0.steps100.blocks-8.prefetch-budget-8.rank-longest_path_first.samples10.maxnew3072.seed10086.subtreePrefetch.vllm.log,11468,2026-08-09 06:55:00,4021.0,0.0,431.9,8,0,0.1,97.7
dataset-math500.model-qwen.alpha4.0.steps100.blocks-8.prefetch-budget-8.rank-longest_path_first.samples10.maxnew3072.seed10086.subtreePrefetch.vllm.log,11485,2026-08-09 06:55:10,4031.0,0.0,541.5,6,0,0.2,97.7
dataset-math500.model-qwen.alpha4.0.steps100.blocks-8.prefetch-budget-8.rank-longest_path_first.samples10.maxnew3072.seed10086.subtreePrefetch.vllm.log,11504,2026-08-09 06:55:20,4041.0,0.0,579.6,4,0,0.3,97.7
dataset-math500.model-qwen.alpha4.0.steps100.blocks-8.prefetch-budget-8.rank-longest_path_first.samples10.maxnew3072.seed10086.subtreePrefetch.vllm.log,11545,2026-08-09 06:55:30,4051.0,0.0,534.3,6,0,0.2,97.8
dataset-math500.model-qwen.alpha4.0.steps100.blocks-8.prefetch-budget-8.rank-longest_path_first.samples10.maxnew3072.seed10086.subtreePrefetch.vllm.log,11566,2026-08-09 06:55:40,4061.0,0.0,372.8,4,0,0.2,97.7
dataset-math500.model-qwen.alpha4.0.steps100.blocks-8.prefetch-budget-8.rank-longest_path_first.samples10.maxnew3072.seed10086.subtreePrefetch.vllm.log,11587,2026-08-09 06:55:50,4071.0,0.0,428.1,4,0,0.2,97.7
dataset-math500.model-qwen.alpha4.0.steps100.blocks-8.prefetch-budget-8.rank-longest_path_first.samples10.maxnew3072.seed10086.subtreePrefetch.vllm.log,11602,2026-08-09 06:56:00,4081.0,0.0,425.2,4,0,0.2,97.7
dataset-math500.model-qwen.alpha4.0.steps100.blocks-8.prefetch-budget-8.rank-longest_path_first.samples10.maxnew3072.seed10086.subtreePrefetch.vllm.log,11621,2026-08-09 06:56:10,4091.0,0.0,357.1,6,0,0.3,97.7
dataset-math500.model-qwen.alpha4.0.steps100.blocks-8.prefetch-budget-8.rank-longest_path_first.samples10.maxnew3072.seed10086.subtreePrefetch.vllm.log,11636,2026-08-09 06:56:20,4101.0,0.0,398.1,4,0,0.2,97.7
dataset-math500.model-qwen.alpha4.0.steps100.blocks-8.prefetch-budget-8.rank-longest_path_first.samples10.maxnew3072.seed10086.subtreePrefetch.vllm.log,11675,2026-08-09 06:56:30,4111.0,0.0,548.1,8,0,0.2,97.7
dataset-math500.model-qwen.alpha4.0.steps100.blocks-8.prefetch-budget-8.rank-longest_path_first.samples10.maxnew3072.seed10086.subtreePrefetch.vllm.log,11694,2026-08-09 06:56:40,4121.0,0.0,611.0,3,0,0.2,97.7
dataset-math500.model-qwen.alpha4.0.steps100.blocks-8.prefetch-budget-8.rank-longest_path_first.samples10.maxnew3072.seed10086.subtreePrefetch.vllm.log,11733,2026-08-09 06:56:50,4131.0,0.0,386.5,8,0,0.2,97.7
dataset-math500.model-qwen.alpha4.0.steps100.blocks-8.prefetch-budget-8.rank-longest_path_first.samples10.maxnew3072.seed10086.subtreePrefetch.vllm.log,11754,2026-08-09 06:57:00,4141.0,0.0,418.3,5,0,0.1,97.7
dataset-math500.model-qwen.alpha4.0.steps100.blocks-8.prefetch-budget-8.rank-longest_path_first.samples10.maxnew3072.seed10086.subtreePrefetch.vllm.log,11773,2026-08-09 06:57:10,4151.0,0.0,583.6,4,0,0.3,97.7
dataset-math500.model-qwen.alpha4.0.steps100.blocks-8.prefetch-budget-8.rank-longest_path_first.samples10.maxnew3072.seed10086.subtreePrefetch.vllm.log,11812,2026-08-09 06:57:20,4161.0,0.0,469.2,8,0,0.1,97.7
dataset-math500.model-qwen.alpha4.0.steps100.blocks-8.prefetch-budget-8.rank-longest_path_first.samples10.maxnew3072.seed10086.subtreePrefetch.vllm.log,11831,2026-08-09 06:57:30,4171.0,0.0,471.3,6,0,0.2,97.7
dataset-math500.model-qwen.alpha4.0.steps100.blocks-8.prefetch-budget-8.rank-longest_path_first.samples10.maxnew3072.seed10086.subtreePrefetch.vllm.log,11848,2026-08-09 06:57:40,4181.0,0.0,567.9,4,0,0.2,97.7
dataset-math500.model-qwen.alpha4.0.steps100.blocks-8.prefetch-budget-8.rank-longest_path_first.samples10.maxnew3072.seed10086.subtreePrefetch.vllm.log,11887,2026-08-09 06:57:50,4191.0,0.0,487.6,8,0,0.2,97.7
dataset-math500.model-qwen.alpha4.0.steps100.blocks-8.prefetch-budget-8.rank-longest_path_first.samples10.maxnew3072.seed10086.subtreePrefetch.vllm.log,11908,2026-08-09 06:58:00,4201.0,0.0,359.9,6,0,0.1,97.7
